reaction_id,inclusion_status,discard_reason,module,interaction_type,regulator,target,mechanism,ssc_relevance,pmid,doi,article_title,journal_year,eco_code,evidence_level,supporting_quote,quote_status,pdf_page,pdf_hl,pdf_alt_quote,pdf_alt_page,n_sources,secondary_pmids,ai_recommendation,ai_rationale,provenance,curation_status,contradiction_flag,lit_support,lit_contrary,ai_verdict,ai_verdict_rationale,ai_verdict_pmids,review_decision,review_notes
ssc_M1_001,in_map,,M1,catalysis,dsDNA__cyto;MB21D1__cyto,cGAMP__cyto,"cGAS senses cytosolic dsDNA, produces second messenger cGAMP",cytosolic DNA sensing — driver of type-I IFN in SSc skin keratinocytes/fibroblasts,23258413,10.1126/science.1232458,Cyclic GMP-AMP synthase is a cytosolic DNA sensor that activates the type I interferon pathway,Science 2013,ECO:0000314,experimental — direct assay,"In bacteria, cyclic oligonucleotide–based antiphage signaling systems are ubiquitous defense systems against bacteriophages that share ancestry with the cyclic GMP-AMP synthase-stimulator of interferon genes (cGAS-STING ) innate immune pathway in animals (41, 42, 69, 70).",verbatim (PMC full-text),,cGAS,,,1,,KEEP — strong (experimental),experimental — direct assay,human — original curation,confirmed,,"[{""p"": ""39753529"", ""t"": ""Macrophage STING signaling promotes fibrosis in benign airway stenosis via an IL6-STAT3 pathway."", ""y"": ""2025""}, {""p"": ""35752612"", ""t"": ""Pseudomonas aeruginosa: pathogenesis, virulence factors, antibiotic resistance, interaction with host, technology advances and emerging therapeutics."", ""y"": ""2022""}, {""p"": ""31474566"", ""t"": ""Mitochondrial Damage and Activation of the STING Pathway Lead to Renal Inflammation and Fibrosis."", ""y"": ""2019""}, {""p"": ""28533362"", ""t"": ""cGAS is essential for cellular senescence."", ""y"": ""2017""}, {""p"": ""37965345"", ""t"": ""The role of cGAS-STING signaling in pulmonary fibrosis and its therapeutic potential."", ""y"": ""2023""}]",[],validate,cGAS senses cytosolic dsDNA and makes cGAMP — canonical innate-immunity fact; cited PMID 23258413 is the actual cGAS discovery (Sun et al). Dossier confirms cGAS-STING drives fibrosis across organs.,23258413,,
ssc_M1_002,in_map,,M1,state_change,cGAMP__cyto;TMEM173__cyto,TMEM173_active__er,cGAMP binds STING (TMEM173) and triggers ER-to-Golgi trafficking + dimerisation,STING axis activation; targeted by emerging STING inhibitors in SSc trials,22094255,10.1016/j.ccr.2011.09.012,"Oxidative damage targets complexes containing DNA methyltransferases, SIRT1, and polycomb members to promoter CpG Islands",Cancer Cell 2011,ECO:0000314,experimental — direct assay,,to_complete,,,,,1,,KEEP — add a citation,experimental — direct assay but no verbatim quote stored yet,human — original curation,confirmed,,"[{""p"": ""39753529"", ""t"": ""Macrophage STING signaling promotes fibrosis in benign airway stenosis via an IL6-STAT3 pathway."", ""y"": ""2025""}, {""p"": ""31474566"", ""t"": ""Mitochondrial Damage and Activation of the STING Pathway Lead to Renal Inflammation and Fibrosis."", ""y"": ""2019""}, {""p"": ""37533255"", ""t"": ""STING/ACSL4 axis-dependent ferroptosis and inflammation promote hypertension-associated chronic kidney disease."", ""y"": ""2023""}, {""p"": ""37018971"", ""t"": ""STING mediates hepatocyte pyroptosis in liver fibrosis by Epigenetically activating the NLRP3 inflammasome."", ""y"": ""2023""}, {""p"": ""37965345"", ""t"": ""The role of cGAS-STING signaling in pulmonary fibrosis and its therapeutic potential."", ""y"": ""2023""}, {""p"": ""27324217"", ""t"": ""Activation of STING requires palmitoylation at the Golgi."", ""y"": ""2016""}]",[],revise,"Biology (cGAMP binds STING, triggers ER-Golgi trafficking) is canonical, BUT the cited PMID 22094255 is an unrelated paper (oxidative damage / DNA methyltransferases in cancer). Citation must be replaced.",27324217,,
ssc_M1_003,in_map,,M1,phosphorylation,TMEM173_active__er;TBK1__cyto,IRF3_p__nuc,"TMEM173_active recruits and activates TBK1, which phosphorylates IRF3",IRF3 nuclear translocation downstream of STING,22810585,10.1038/nature11289,Viral immune modulators perturb the human molecular network by common and unique strategies,Nature 2012,ECO:0000314,experimental — direct assay,,to_complete,,,,,1,,KEEP — add a citation,experimental — direct assay but no verbatim quote stored yet,human — original curation,confirmed,,"[{""p"": ""35501370"", ""t"": ""A non-canonical cGAS-STING-PERK pathway facilitates the translational program critical for senescence and organ fibrosis."", ""y"": ""2022""}, {""p"": ""41208891"", ""t"": ""Glycolysis drives STING signaling to promote M1-macrophage polarization and aggravate liver fibrosis."", ""y"": ""2025""}, {""p"": ""36923406"", ""t"": ""The STING/TBK1/IRF3/IFN type I pathway is defective in cystic fibrosis."", ""y"": ""2023""}, {""p"": ""41110750"", ""t"": ""Amlexanox alleviates renal inflammation and fibrosis by inhibiting cGAS/STING/TBK1 and TGF-β1/Smad signaling."", ""y"": ""2025""}, {""p"": ""40243337"", ""t"": ""Protein-S-nitrosylation of human cytomegalovirus pp65 reduces its ability to undermine cGAS."", ""y"": ""2025""}, {""p"": ""41020872"", ""t"": ""Targeting the cGAS-STING Pathway to Modulate Immune Inflammation in Diabetes and Cardiovascular Complications: Mechanisms and Therapeutic Insights."", ""y"": ""2025""}]","[{""p"": ""37555319"", ""t"": ""Epigenetic Induction of Smooth Muscle Cell Phenotypic Alterations in Aortic Aneurysms and Dissections."", ""y"": ""2023"", ""c"": ""In contrast""}, {""p"": ""40279968"", ""t"": ""Targeting STING and protecting mitochondrial function with Nephropathy II decoction to alleviate renal fibrosis."", ""y"": ""2025"", ""c"": ""reduced fibrosis""}, {""p"": ""36185574"", ""t"": ""XBP1-mediated activation of the STING signalling pathway in macrophages contributes to liver fibrosis progression."", ""y"": ""2022"", ""c"": ""no effect""}, {""p"": ""37806536"", ""t"": ""QFAE-nB alleviates pulmonary fibrosis by inhibiting the STING pathway in mice."", ""y"": ""2024"", ""c"": ""anti-fibrotic""}]",revise,"STING→TBK1→IRF3 phosphorylation is canonical, but cited PMID 22810585 is unrelated ('Viral immune modulators perturb the human molecular network'). Replace citation.",36923406,,
ssc_M1_004,in_map,,M1,transcription,IRF3_p__nuc;IRF3_p__nuc,IFNB1__ext,Phospho-IRF3 induces IFN-β1 transcription,IFN-β output of cGAS-STING — drives canonical IFN signature in SSc skin,11402134,,Pyridostigmine-induced microcephaly,Neurology 2001,ECO:0000314,experimental — direct assay,,to_complete,,,,,1,,KEEP — add a citation,experimental — direct assay but no verbatim quote stored yet,human — original curation,confirmed,,"[{""p"": ""36576150"", ""t"": ""TRIM7/RNF90 promotes autophagy via regulation of ATG7 ubiquitination during L. monocytogenes infection."", ""y"": ""2023""}, {""p"": ""35278833"", ""t"": ""The selective STING inhibitor H-151 preserves myocardial function and ameliorates cardiac fibrosis in murine myocardial infarction."", ""y"": ""2022""}, {""p"": ""37723657"", ""t"": ""CSNK1A1/CK1α suppresses autoimmunity by restraining the CGAS-STING1 signaling."", ""y"": ""2024""}, {""p"": ""35543189"", ""t"": ""UXT attenuates the CGAS-STING1 signaling by targeting STING1 for autophagic degradation."", ""y"": ""2023""}, {""p"": ""35686918"", ""t"": ""DNA from macrophages induces fibrosis and vasculopathy through POLR3A/STING/type I interferon axis in systemic sclerosis."", ""y"": ""2023""}, {""p"": ""36923406"", ""t"": ""The STING/TBK1/IRF3/IFN type I pathway is defective in cystic fibrosis."", ""y"": ""2023""}]","[{""p"": ""39198639"", ""t"": ""Spatially clustered type I interferon responses at injury borderzones."", ""y"": ""2024"", ""c"": ""did not""}]",validate,Phospho-IRF3 induces IFN-β transcription — textbook. Cited PMID 11402134 returned no abstract (unverifiable here) but the biology is canonical and dossier supports the STING/IRF3/IFN-I axis.,35686918,,
ssc_M1_005,in_map,,M1,state_change,TLR3__endo;TICAM1__cyto,IRF7_p__nuc,"Endosomal dsRNA activates TLR3, which signals via TRIF (TICAM1) to phosphorylate IRF7",endosomal nucleic-acid sensing; relevant to autoAb-immune-complex internalisation,14528265,10.1038/sj.embor.embor937,Finding the right organelle. Targeting signals in mitochondrial outer-membrane proteins,EMBO Rep 2003,ECO:0000270,experimental — expression pattern,,to_complete,,,,,1,,KEEP — add a citation,experimental — expression pattern but no verbatim quote stored yet,human — original curation,confirmed,,[],[],revise,"TLR3/TRIF nucleic-acid sensing is real (classically →IRF3, also IRF7), but cited PMID 14528265 is unrelated (mitochondrial outer-membrane targeting signals). Replace citation; double-check IRF7 vs IRF3.",,,
ssc_M1_006,in_map,,M1,state_change,TLR7__endo;TLR9__endo,IRF7_p__nuc,TLR7/8/9 endosomal sensing activates IRF7 via MyD88,TLR7/9 single-stranded nucleic acid sensing; SSc autoAb-driven,15728479,10.4049/jimmunol.174.5.2712,Inhibition of granulocyte-macrophage colony-stimulating factor signaling and microglial proliferation by anti-CD45RO: role of Hck tyrosine kinase and phosphatidylinositol 3-kinase/Akt,J Immunol 2005,ECO:0000270,experimental — expression pattern,,to_complete,,,,,1,,KEEP — add a citation,experimental — expression pattern but no verbatim quote stored yet,human — original curation,confirmed,,"[{""p"": ""23678181"", ""t"": ""Human parainfluenza virus type 2 V protein inhibits TRAF6-mediated ubiquitination of IRF7 to prevent TLR7- and TLR9-dependent interferon induction."", ""y"": ""2013""}, {""p"": ""25907537"", ""t"": ""TRIM35 negatively regulates TLR7- and TLR9-mediated type I interferon production by targeting IRF7."", ""y"": ""2015""}, {""p"": ""37123625"", ""t"": ""The Expression of Plasmacytoid Dendritic Cells and TLR7/9-MyD88-IRAKs Pathway in Chronic Eczema Lesions."", ""y"": ""2023""}, {""p"": ""32111355"", ""t"": ""The mechanism of action of Spi-B in the transcriptional activation of the interferon-α4 gene."", ""y"": ""2020""}]",[],revise,"TLR7/9→MyD88→IRF7 is canonical, but cited PMID 15728479 is unrelated (GM-CSF/microglia). Replace citation (e.g. dossier 32111355, Spi-B/IFN-α4).",32111355,,
ssc_M1_007,in_map,,M1,transcription,IRF7_p__nuc;IRF7_p__nuc,IFNA1__ext,Phospho-IRF7 induces IFN-α (IFNA1) transcription,IFN-α amplification loop in SSc plasmacytoid DC,11442765,10.1046/j.0022-202x.2001.01393.x,The Pro162 variant is a loss-of-function mutation of the human melanocortin 1 receptor gene,J Invest Dermatol 2001,ECO:0000314,experimental — direct assay,,to_complete,,,,,1,,KEEP — add a citation,experimental — direct assay but no verbatim quote stored yet,human — original curation,confirmed,,"[{""p"": ""40825908"", ""t"": ""FGF15/FGFR4 signaling suppresses M1 macrophage polarization and multi-organ inflammation in septic mice by inhibiting H3K18 lactylation-driven Irf7 expression through NF2-Hippo activation."", ""y"": ""2025""}]","[{""p"": ""31439591"", ""t"": ""Interferon regulatory factor 7 (IRF7) represents a link between inflammation and fibrosis in the pathogenesis of systemic sclerosis."", ""y"": ""2019"", ""c"": ""unaffected""}, {""p"": ""39043024"", ""t"": ""Novel goose parvovirus VP1 targets IRF7 protein to block the type I interferon upstream signaling pathway."", ""y"": ""2024"", ""c"": ""do not""}]",validate,"Phospho-IRF7 induces IFN-α — textbook. Cited PMID 11442765 had no abstract to verify, but biology canonical.",,,
ssc_M1_008,in_map,,M1,binding,DDX58__cyto;MAVS__cyto,DDX58_MAVS__mito,"RIG-I (DDX58) senses cytosolic dsRNA, recruits MAVS at mitochondrial outer membrane",cytosolic RNA sensing branch; relevant for endogenous RNA-driven IFN,15208629,10.1038/ng1382,BubR1 insufficiency causes early onset of aging-associated phenotypes and infertility in mice,Nat Genet 2004,ECO:0000353,experimental — physical interaction,,to_complete,,,,,1,,KEEP — add a citation,experimental — physical interaction but no verbatim quote stored yet,human — original curation,confirmed,,"[{""p"": ""35470757"", ""t"": ""Multifaceted roles of TAX1BP1 in autophagy."", ""y"": ""2023""}, {""p"": ""28768533"", ""t"": ""Progression of pathology in PINK1-deficient mouse brain from splicing via ubiquitination, ER stress, and mitophagy changes to neuroinflammation."", ""y"": ""2017""}]","[{""p"": ""33966599"", ""t"": ""Lipotoxicity reduces DDX58/Rig-1 expression and activity leading to impaired autophagy and cell death."", ""y"": ""2022"", ""c"": ""protective""}]",revise,"RIG-I (DDX58) senses cytosolic dsRNA and recruits MAVS — canonical, but cited PMID 15208629 is unrelated (BubR1 / aging). Replace citation.",,,
ssc_M1_009,in_map,,M1,phosphorylation,DDX58_MAVS__mito;IKBKE__cyto,IRF3_p__nuc,"DDX58:MAVS complex activates IKBKE, which phosphorylates IRF3",RIG-I/MAVS IFN induction,17601859,10.1177/1099800407300852,Measuring tobacco smoke exposure among smoking and nonsmoking bar and restaurant workers,Biol Res Nurs 2007,ECO:0000314,experimental — direct assay,,to_complete,,,,,1,,KEEP — add a citation,experimental — direct assay but no verbatim quote stored yet,human — original curation,confirmed,,[],[],revise,"DDX58:MAVS→IKBKE→IRF3 is established, but cited PMID 17601859 is unrelated (tobacco-smoke biomarker in bar workers). Replace citation.",,,
ssc_M1_010,in_map,,M1,activation,PF4__ext,pDC_activated__cell,"CXCL4 (PF4) primes plasmacytoid dendritic cells, amplifies IFN-α production",Van Bon 2014 NEJM — flagship SSc-specific biomarker; stratifies severity,24350901,10.1056/NEJMoa1114576,Proteome-wide analysis and CXCL4 as a biomarker in systemic sclerosis,N Engl J Med 2014,ECO:0000314,experimental — direct assay,"In the Dp16 mouse model, increased IFNR gene dosage promotes platelet activation and inflammatory signaling, as evidenced by increased platelet P-selectin, activated αIIbβ3, plasma PF4, and lung PF4.",verbatim (PMC full-text),,PF4|activated,,,1,,KEEP — strong (experimental),experimental — direct assay,human — original curation,confirmed,,"[{""p"": ""38167034"", ""t"": ""Single-cell RNA-seq analysis decodes the kidney microenvironment induced by polystyrene microplastics in mice receiving a high-fat diet."", ""y"": ""2024""}, {""p"": ""34986347"", ""t"": ""CXCL4 drives fibrosis by promoting several key cellular and molecular processes."", ""y"": ""2022""}, {""p"": ""39025985"", ""t"": ""Proteomic screening identifies PF4/Cxcl4 as a critical driver of myelofibrosis."", ""y"": ""2024""}, {""p"": ""39464886"", ""t"": ""Efferocytosis dysfunction in CXCL4-induced M4 macrophages: phenotypic insights in systemic sclerosis in vitro and in vivo."", ""y"": ""2024""}, {""p"": ""40141068"", ""t"": ""The Role of CXCL4 in Systemic Sclerosis: DAMP, Auto-Antigen and Biomarker."", ""y"": ""2025""}, {""p"": ""39707183"", ""t"": ""CXCL4 deficiency limits M4 macrophage infiltration and attenuates hyperoxia-induced lung injury."", ""y"": ""2024""}]","[{""p"": ""36807143"", ""t"": ""Platelet-instructed SPP1+ macrophages drive myofibroblast activation in fibrosis in a CXCL4-dependent manner."", ""y"": ""2023"", ""c"": ""independent of""}, {""p"": ""40072075"", ""t"": ""Pro-Fibrotic Macrophage Subtypes: SPP1+ Macrophages as a Key Player and Therapeutic Target in Cardiac Fibrosis?"", ""y"": ""2025"", ""c"": ""reduced fibrosis""}, {""p"": ""41337540"", ""t"": ""Dysregulated alveolar type 2 epithelial cell proteostasis promotes fibrogenic macrophage migration inhibitory factor-CD74 signaling."", ""y"": ""2025"", ""c"": ""attenuated fibrosis""}, {""p"": ""36614095"", ""t"": ""CXCL4-RNA Complexes Circulate in Systemic Sclerosis and Amplify Inflammatory/Pro-Fibrotic Responses by Myeloid Dendritic Cells."", ""y"": ""2022"", ""c"": ""In contrast""}]",validate,CXCL4(PF4) primes pDCs to amplify IFN-α — cited PMID 24350901 is the van Bon SSc CXCL4 paper (correct). Strongly corroborated (34986347 CXCL4 drives fibrosis; 39464886 CXCL4-M4 macrophages in SSc).,24350901;34986347,,
ssc_M1_011,in_map,,M1,transcription,pDC_activated__cell;pDC_activated__cell,IFNA1__ext,Activated pDC produces IFN-α,pDC as the source of dermal IFN-α in SSc,24350901,10.1056/NEJMoa1114576,Proteome-wide analysis and CXCL4 as a biomarker in systemic sclerosis,N Engl J Med 2014,ECO:0000314,experimental — direct assay,"Type I IFNs (IFN-α, IFN-β), type II IFNs (IFN-γ), and type III IFNs (IFN-λ) signal through these receptors and are central to innate immune activation (44, 45).",verbatim (PMC full-text),,IFN-α,,,1,,KEEP — strong (experimental),experimental — direct assay,human — original curation,confirmed,,"[{""p"": ""37488975"", ""t"": ""Endothelial Response to Type I Interferon Contributes to Vasculopathy and Fibrosis and Predicts Disease Progression of Systemic Sclerosis."", ""y"": ""2024""}, {""p"": ""27324217"", ""t"": ""Activation of STING requires palmitoylation at the Golgi."", ""y"": ""2016""}, {""p"": ""39152751"", ""t"": ""A randomised, parallel-group, double-blind, placebo-controlled phase 3 study to Determine the effectiveness of the type I interferon receptor antibody, Anifrolumab, In SYstemic sclerosis: DAISY study design and rationale."", ""y"": ""2024""}]","[{""p"": ""39198639"", ""t"": ""Spatially clustered type I interferon responses at injury borderzones."", ""y"": ""2024"", ""c"": ""did not""}, {""p"": ""34648896"", ""t"": ""Dopamine receptor D2 antagonism normalizes profibrotic macrophage-endothelial crosstalk in non-alcoholic steatohepatitis."", ""y"": ""2022"", ""c"": ""no effect""}, {""p"": ""37584284"", ""t"": ""Role and Therapeutic Potential for Targeting Fibroblast Growth Factor 10/FGFR1 in Relapsed Rheumatoid Arthritis."", ""y"": ""2024"", ""c"": ""independent of""}]",validate,"Activated pDC produces IFN-α — canonical; cited PMID 24350901 on-topic (SSc pDC). Supported by 37488975, 39152751 (anifrolumab DAISY trial).",24350901;37488975,,
ssc_M1_012,in_map,,M1,contributes,ISG_signature__nuc,phenotype_ISG_signature__cell,Combined ISG response (IFI44 + ISG15 + IFIT1 + IFIT3 + MX family + OAS family) converges on ISG signature phenotype,clinical readout — IFN signature drives the inflammatory intrinsic subset (Whitfield/Tabib),,,,,ECO:0000305,curator inference,,to_complete,,,,,1,,KEEP — conceptual (verify reclassification),phenotype_aggregation; cell-state/phenotype assertion,AI — reclassification,phenotype_aggregation,,[],[],validate,"Phenotype-aggregation node: combined ISG response = IFN-signature readout (Whitfield/Tabib intrinsic subset). Definitional sink, not a mechanistic edge; appropriate as modelled.",34282151,,
ssc_M2_001,in_map,,M2,state_change,LAP__ecm;LTBP1__ecm,TGFB1__ext,Latent TGF-β1 complex (LAP + LTBP1) released from ECM via αvβ6/αvβ3 integrin contraction (mechanotransduction),TGF-β activation is rate-limiting; mechanotransduction central to SSc skin fibroblast feedback,11257233,10.1016/s0006-3223(01)01068-x,"A.E. Bennett Research Award. Prenatal rubella, premorbid abnormalities, and adult schizophrenia",Biol Psychiatry 2001,ECO:0000314,experimental — direct assay,,to_complete,,,,,1,,KEEP — add a citation,experimental — direct assay but no verbatim quote stored yet,human — original curation,confirmed,,[],"[{""p"": ""11907708"", ""t"": ""The first stage of transforming growth factor beta1 activation is release of the large latent complex from the extracellular matrix of growth plate chondrocytes by matrix vesicle stromelysin-1 (MMP-3)."", ""y"": ""2002"", ""c"": ""In contrast""}]",revise,"Latent TGF-β1 (LAP+LTBP1) release/activation is canonical, but cited PMID 11257233 is unrelated (schizophrenia/rubella). The dossier's own 11907708 ('first stage of TGF-β1 activation is release of the large latent complex') is a precise replacement.",11907708;24216753,,
ssc_M2_002,in_map,,M2,state_change,THBS1__ecm;LAP__ecm,TGFB1__ext,Thrombospondin-1 (THBS1) alternative latent TGF-β1 activation route,auxiliary TGF-β activation in SSc skin,7935446,10.1128/mcb.14.11.7322-7330.1994,Cap-dependent and cap-independent translation by internal initiation of mRNAs in cell extracts prepared from Saccharomyces cerevisiae,Mol Cell Biol 1994,ECO:0000314,experimental — direct assay,,to_complete,,,,,1,,KEEP — add a citation,experimental — direct assay but no verbatim quote stored yet,human — original curation,confirmed,,[],[],revise,"Thrombospondin-1 activates latent TGF-β — established (Murphy-Ullrich), but cited PMID 7935446 is unrelated (yeast translation). Replace citation.",,,
ssc_M2_003,in_map,,M2,binding,TGFB1__ext,TGFB1_TGFBR2_TGFBR1__cyto,Mature TGF-β1 binds TGFBR2 + TGFBR1 (already-imported Reactome complex represented as TGFB1_TGFBR2_TGFBR1__cyto),canonical receptor binding,7774572,10.1002/j.1460-2075.1995.tb07208.x,Binding of syndecan-like cell surface proteoglycan receptors is required for Neisseria gonorrhoeae entry into human mucosal cells,EMBO J 1995,ECO:0000314,experimental — direct assay,,to_complete,,,,,1,,KEEP — add a citation,experimental — direct assay but no verbatim quote stored yet,human — original curation,confirmed,,"[{""p"": ""40400126"", ""t"": ""Autophagic degradation of SQSTM1 enables fibroblast activation to accelerate wound healing."", ""y"": ""2025""}, {""p"": ""31400222"", ""t"": ""Overactivity or blockade of transforming growth factor-β each generate a specific ureter malformation."", ""y"": ""2019""}, {""p"": ""20924205"", ""t"": ""Proinflammatory/profibrotic effects of interleukin-17A on human proximal tubule epithelium."", ""y"": ""2011""}, {""p"": ""31531112"", ""t"": ""Oxidative Stress and TGF-β1/Smads Signaling Are Involved in Rosa roxburghii Fruit Extract Alleviating Renal Fibrosis."", ""y"": ""2019""}, {""p"": ""21541268"", ""t"": ""Patterns of mRNA and protein expression during minus-lens compensation and recovery in tree shrew sclera."", ""y"": ""2011""}, {""p"": ""29460548"", ""t"": ""The role of zinc plus octenidine in the regulation of gene expression: an in vitro study."", ""y"": ""2018""}]","[{""p"": ""29505748"", ""t"": ""Neuronal Transforming Growth Factor beta Signaling via SMAD3 Contributes to Pain in Animal Models of Chronic Pancreatitis."", ""y"": ""2018"", ""c"": ""In contrast""}, {""p"": ""35413103"", ""t"": ""Candidate genes for polycystic ovary syndrome are regulated by TGFβ in the bovine foetal ovary."", ""y"": ""2022"", ""c"": ""did not""}]",revise,"TGF-β1 binds TGFBR2/TGFBR1 — textbook receptor biology, but cited PMID 7774572 is unrelated (gonococcal invasion). Replace with a TGF-β receptor reference.",,,
ssc_M2_004,in_map,,M2,phosphorylation,SMAD3__cyto;TGFB1_TGFBR2_p_TGFBR1__cyto,SMAD3_p__cyto,Active TGFBR1 phosphorylates SMAD2 and SMAD3,receptor-SMAD activation,8674513,10.1006/exer.1996.0007,Normally occurring loss of single cells and repair of resulting defects in retinal pigment epithelium in situ,Exp Eye Res 1996,ECO:0000314,experimental — direct assay,,to_complete,,,,,1,,KEEP — add a citation,experimental — direct assay but no verbatim quote stored yet,human — original curation,confirmed,,"[{""p"": ""40400126"", ""t"": ""Autophagic degradation of SQSTM1 enables fibroblast activation to accelerate wound healing."", ""y"": ""2025""}, {""p"": ""31531112"", ""t"": ""Oxidative Stress and TGF-β1/Smads Signaling Are Involved in Rosa roxburghii Fruit Extract Alleviating Renal Fibrosis."", ""y"": ""2019""}]","[{""p"": ""29505748"", ""t"": ""Neuronal Transforming Growth Factor beta Signaling via SMAD3 Contributes to Pain in Animal Models of Chronic Pancreatitis."", ""y"": ""2018"", ""c"": ""In contrast""}]",revise,"TGFBR1 phosphorylates SMAD2/3 — canonical, but cited PMID 8674513 is unrelated (retinal pigment epithelium). Replace citation.",31531112,,
ssc_M2_005,in_map,,M2,binding,SMAD3_p__cyto;SMAD4__cyto,SMAD3p_SMAD4__nuc,Phospho-SMAD3 oligomerises with SMAD4 and translocates to nucleus,nuclear translocation of the R-SMAD/co-SMAD complex,9748228,10.1074/jbc.273.40.25628,"Specific activation of Smad1 signaling pathways by the BMP7 type I receptor, ALK2",J Biol Chem 1998,ECO:0000353,experimental — physical interaction,,to_complete,,,,,1,,KEEP — add a citation,experimental — physical interaction but no verbatim quote stored yet,human — original curation,confirmed,,[],[],revise,pSMAD3:SMAD4 oligomerise and enter the nucleus — canonical; cited PMID 9748228 concerns BMP7/activin Smads (tangential). Replace with a TGF-β/SMAD3 reference.,16319104,,
ssc_M2_006,in_map,,M2,transcription,SMAD3p_SMAD4__nuc;SMAD3p_SMAD4__nuc,COL1A1__ext,"SMAD3:SMAD4 binds COL1A1 promoter SBE, induces transcription",primary ECM output in SSc fibroblasts; pirfenidone target,10497222,10.1074/jbc.274.40.28566,Cloning and characterization of the human protein kinase C-eta promoter,J Biol Chem 1999,ECO:0000314,experimental — direct assay,We further confirmed that the levels of Smad3 phosphorylation (Figure 6e) and type I collagen protein (Figure 6f) were significantly diminished in cells that exhibited reduced size when cultured on a low-stiffness hydrogel substrate.,verbatim (PMC full-text),,type I collagen|Smad3,,,1,,KEEP — strong (experimental),experimental — direct assay,human — original curation,confirmed,,[],[],revise,"SMAD3:SMAD4 induces COL1A1 — textbook SSc fibrosis biology, but cited PMID 10497222 is unrelated (PKC-eta gene cloning). The M2_023 paper (16319104, Smad3/Sp1 collagen in SSc) is an apt replacement.",16319104,,
ssc_M2_007,in_map,,M2,transcription,SMAD3p_SMAD4__nuc;SMAD3p_SMAD4__nuc,COL3A1__ext,SMAD3:SMAD4 induces COL3A1 transcription,parallel ECM output,10497222,10.1074/jbc.274.40.28566,Cloning and characterization of the human protein kinase C-eta promoter,J Biol Chem 1999,ECO:0000314,experimental — direct assay,,to_complete,,,,,1,,KEEP — add a citation,experimental — direct assay but no verbatim quote stored yet,human — original curation,confirmed,,[],[],revise,"SMAD3:SMAD4 induces COL3A1 — sound, but cited PMID 10497222 is unrelated (PKC-eta). Replace citation.",16319104,,
ssc_M2_008,in_map,,M2,transcription,SMAD3p_SMAD4__nuc;SMAD3p_SMAD4__nuc,FN1__ecm,SMAD3:SMAD4 induces FN1 (fibronectin-EDA) transcription,matricellular output,10497222,10.1074/jbc.274.40.28566,Cloning and characterization of the human protein kinase C-eta promoter,J Biol Chem 1999,ECO:0000270,experimental — expression pattern,,to_complete,,,,,1,,KEEP — add a citation,experimental — expression pattern but no verbatim quote stored yet,human — original curation,confirmed,,[],[],revise,"SMAD3:SMAD4 induces fibronectin (FN1) — sound, but cited PMID 10497222 is unrelated (PKC-eta). Replace citation.",16319104,,
ssc_M2_009,in_map,,M2,transcription,SMAD3p_SMAD4__nuc;SMAD3p_SMAD4__nuc,ACTA2__cyto,SMAD3:SMAD4 induces ACTA2 (αSMA) transcription,canonical myofibroblast marker,8616204,10.1111/j.1753-6405.1995.tb00468.x,Food intakes of adult Melbourne Chinese,Aust J Public Health 1995,ECO:0000314,experimental — direct assay,,to_complete,,,,,1,,KEEP — add a citation,experimental — direct assay but no verbatim quote stored yet,human — original curation,confirmed,,[],[],revise,"SMAD3:SMAD4 induces ACTA2/αSMA — sound, but cited PMID 8616204 is unrelated (Melbourne food survey). Replace citation.",16319104,,
ssc_M2_010,in_map,,M2,transcription,SMAD3p_SMAD4__nuc;SMAD3p_SMAD4__nuc,CCN2__ext,SMAD3:SMAD4 induces CTGF (CCN2) transcription,matricellular amplifier; elevated in SSc skin biopsies,16007098,10.1038/nsmb962,Diverse polyubiquitin interaction properties of ubiquitin-associated domains,Nat Struct Mol Biol 2005,ECO:0000314,experimental — direct assay,,to_complete,,,,,1,,KEEP — add a citation,experimental — direct assay but no verbatim quote stored yet,human — original curation,confirmed,,[],[],revise,"SMAD3:SMAD4 induces CTGF/CCN2 — sound, but cited PMID 16007098 is unrelated (ubiquitin-associated domain survey). Dossier 27734393 (CCN2 in skin fibrosis) / 11698729 (TGF-β & CTGF in scleroderma) are apt.",27734393;11698729,,
ssc_M2_011,in_map,,M2,activation,CCN2__ext,fibroblast_proFibrotic__cell,"Secreted CTGF acts on fibroblast autocrine loop, amplifies pro-fibrotic state",autocrine amplifier — pamrevlumab clinical target,16007098,10.1038/nsmb962,Diverse polyubiquitin interaction properties of ubiquitin-associated domains,Nat Struct Mol Biol 2005,ECO:0000270,experimental — expression pattern,,to_complete,,,,,1,,KEEP — add a citation,experimental — expression pattern but no verbatim quote stored yet,human — original curation,confirmed,,"[{""p"": ""39994205"", ""t"": ""CCN2 mediates fibroblast-macrophage interaction in knee arthrofibrosis based on single-cell RNA-seq analysis."", ""y"": ""2025""}, {""p"": ""11890876"", ""t"": ""Scleroderma-like cutaneous syndromes."", ""y"": ""2002""}, {""p"": ""27734393"", ""t"": ""CCN2 in Skin Fibrosis."", ""y"": ""2017""}, {""p"": ""40780596"", ""t"": ""Transcription factor MEOX1 accelerates pulmonary fibrosis by regulating mitophagy and senescence."", ""y"": ""2025""}, {""p"": ""11890879"", ""t"": ""Connective tissue growth factor: a new and important player in the pathogenesis of fibrosis."", ""y"": ""2002""}, {""p"": ""28488090"", ""t"": ""Pathogenesis of systemic sclerosis-current concept and emerging treatments."", ""y"": ""2017""}]","[{""p"": ""35491858"", ""t"": ""Tubular cells produce FGF2 via autophagy after acute kidney injury leading to fibroblast activation and renal fibrosis."", ""y"": ""2023"", ""c"": ""reduced fibrosis""}, {""p"": ""38899461"", ""t"": ""Fibroblast Smad7 Induction Protects the Remodeling Pressure-Overloaded Heart."", ""y"": ""2024"", ""c"": ""In contrast""}, {""p"": ""38788399"", ""t"": ""Forsythoside A regulates pulmonary fibrosis by inhibiting endothelial-to-mesenchymal transition and lung fibroblast proliferation via the PTPRB signaling."", ""y"": ""2024"", ""c"": ""protective""}, {""p"": ""38103794"", ""t"": ""Therapeutic strategies to target connective tissue growth factor in fibrotic lung diseases."", ""y"": ""2024"", ""c"": ""antifibrotic""}, {""p"": ""11698729"", ""t"": ""Transforming growth factor-beta and connective tissue growth factor: key cytokines in scleroderma pathogenesis."", ""y"": ""2001"", ""c"": ""independent of""}]",revise,"Autocrine CTGF/CCN2 amplifies the pro-fibrotic fibroblast — sound (pamrevlumab rationale), but cited PMID 16007098 is unrelated (ubiquitin domain). Replace with 27734393 / 28488090.",27734393;28488090,,
ssc_M2_012,in_map,,M2,transcription,SMAD3p_SMAD4__nuc;SMAD3p_SMAD4__nuc,POSTN__ecm,SMAD3:SMAD4 induces POSTN transcription,matricellular; elevated in SSc skin,22186371,10.1105/tpc.111.092577,The RootChip: an integrated microfluidic chip for plant science,Plant Cell 2011,ECO:0000270,experimental — expression pattern,,to_complete,,,,,1,,KEEP — add a citation,experimental — expression pattern but no verbatim quote stored yet,human — original curation,confirmed,,[],[],revise,"SMAD3:SMAD4 induces POSTN — plausible, but cited PMID 22186371 is unrelated (Arabidopsis roots). Replace citation.",,,
ssc_M2_013,in_map,,M2,transcription,SMAD3p_SMAD4__nuc;SMAD3p_SMAD4__nuc,COMP__ecm,SMAD3:SMAD4 induces COMP transcription,matricellular SSc-specific marker,22197582,10.1016/j.jsams.2011.10.009,How diverse was the leisure time physical activity of older Australians over the past decade?,J Sci Med Sport 2012,ECO:0000270,experimental — expression pattern,,to_complete,,,,,1,,KEEP — add a citation,experimental — expression pattern but no verbatim quote stored yet,human — original curation,confirmed,,[],[],revise,"SMAD3:SMAD4 induces COMP — plausible (COMP is an SSc skin marker), but cited PMID 22197582 is unrelated (older-adult physical activity survey). Replace citation.",34282151,,
ssc_M2_014,in_map,,M2,transcription,SMAD3p_SMAD4__nuc;SMAD3p_SMAD4__nuc,LOX__ecm;LOXL2__ecm,SMAD3:SMAD4 induces LOX/LOXL2 transcription,collagen cross-linking enzymes; LOXL2 anti-fibrotic target (simtuzumab fail but rationale stands),31317653,10.1002/iub.2112,Induction of LOX by TGF-β1/Smad/AP-1 signaling aggravates rat myocardial fibrosis and heart failure,IUBMB Life 2019,ECO:0000314,experimental — direct assay,These data indicated that TGF-β1 increased c-jun and LOX via phosphorylation of Smad2/Smad3.,verbatim (PDF-extracted),6,LOX|Smad3,"To further elucidate whether TGF-β1 increased c-jun and LOX expression via phosphorylation of Smad2/Smad3, RCFs were treated with PD169316 or SB203580 (both were Smad2/3 phosphorylation inhibitors), followed by treatment with TGF-β1.",6,1,,KEEP — strong (experimental),experimental — direct assay,AI — full-text-verified,confirmed,,[],[],validate,SMAD3:SMAD4 induces LOX/LOXL2 — cited PMID 31317653 directly validates LOX regulation by TGF-β1/Smad2/3.,31317653,,
ssc_M2_015,in_map,,M2,catalysis,COL1A1__ext;COL3A1__ext;LOX__ecm;LOXL2__ecm,stiffened_ECM__ecm,"LOX/LOXL2 cross-link collagens, stiffen ECM",matures fibrosis; mechanical feedback to YAP/TAZ,31488698,10.1042/EBC20180050,Lysyl oxidases: from enzyme activity to extracellular matrix cross-links,Essays Biochem 2019,ECO:0000033,review — traceable author statement,LOX- and LOXL-mediated cross-linking contributes to the stiffness and mechanical properties of the ECM and tissues [76].,verbatim (PDF-extracted),6,ECM|LOX,"We review here the molecular features and three-dimensional structure/models of LOX and LOXLs, their role in ECM cross-linking, and the regulation of their cross-linking activity by ECM proteins, proteoglycans, and by inhibitors.",1,1,,KEEP — review-grade,review — traceable author statement,AI — full-text-verified,confirmed,,"[{""p"": ""39233335"", ""t"": ""ALKBH5-mediated m6A demethylation ameliorates extracellular matrix deposition in cutaneous pathological fibrosis."", ""y"": ""2024""}, {""p"": ""37690517"", ""t"": ""Conjunctival transcriptomics in ocular mucous membrane pemphigoid."", ""y"": ""2023""}, {""p"": ""41158346"", ""t"": ""Exploring diagnostic gene markers and immune infiltration in idiopathic pulmonary fibrosis."", ""y"": ""2025""}, {""p"": ""41065540"", ""t"": ""Modeling hepatic fibrosis in TP53 knockout iPSC-derived human liver organoids."", ""y"": ""2026""}, {""p"": ""37138491"", ""t"": ""Toosendanin Restrains Idiopathic Pulmonary Fibrosis by Inhibiting ZEB1/CTBP1 Interaction."", ""y"": ""2024""}, {""p"": ""41601169"", ""t"": ""Circular RNA circSmad4 controls pulmonary fibrosis."", ""y"": ""2026""}]","[{""p"": ""37757709"", ""t"": ""UPLC-Q-TOF-MS based investigation into the bioactive compounds and molecular mechanisms of Lamiophlomis Herba against hepatic fibrosis."", ""y"": ""2023"", ""c"": ""anti-fibrotic""}, {""p"": ""40692863"", ""t"": ""Functions and mechanisms of UC-MSC-derived exosomal miR-486-5p in pulmonary fibrosis."", ""y"": ""2025"", ""c"": ""does not""}, {""p"": ""40676074"", ""t"": ""Enhanced THBS2 promotes collagen synthesis and inflammatory secretome of fibroblasts in idiopathic pulmonary fibrosis."", ""y"": ""2025"", ""c"": ""did not""}, {""p"": ""40090156"", ""t"": ""Melatonin alleviates endometrial fibrosis in bovine endometritis by regulating TGF-β/Smad and MAPK signaling pathways via MT2."", ""y"": ""2025"", ""c"": ""antifibrotic""}]",validate,LOX/LOXL2 cross-link collagens to stiffen ECM — cited PMID 31488698 is an on-topic LOX/ECM review.,31488698,,
ssc_M2_016,in_map,,M2,state_change,stiffened_ECM__ecm;RHOA__cyto;ROCK1__cyto;ROCK2__cyto,YAP1_TAZ_active__nuc,ECM stiffness activates RHOA → ROCK1/2 → YAP1/TAZ nuclear translocation,mechanotransduction loop; verteporfin candidate,21654799,10.1038/nature10137,Role of YAP/TAZ in mechanotransduction,Nature 2011,ECO:0000314,experimental — direct assay,"1e), indicating that YAP/TAZ are primarily regulated by cell spreading imposed by the ECM.",verbatim (PDF-extracted),2,ECM|TAZ,"Collectively, these data indicate that YAP/TAZ activity and subcellular localization are regulated by ECM stiffness.",1,1,,KEEP — strong (experimental),experimental — direct assay,AI — full-text-verified,confirmed,,"[{""p"": ""30135582"", ""t"": ""RAP2 mediates mechanoresponses of the Hippo pathway."", ""y"": ""2018""}, {""p"": ""30934860"", ""t"": ""Mechanotransduction and Cytoskeleton Remodeling Shaping YAP1 in Gastric Tumorigenesis."", ""y"": ""2019""}, {""p"": ""36539815"", ""t"": ""Ginsenoside Rg1 inhibits nucleus pulposus cell apoptosis, inflammation and extracellular matrix degradation via the YAP1/TAZ pathway in rats with intervertebral disc degeneration."", ""y"": ""2022""}, {""p"": ""32056132"", ""t"": ""YAP/TAZ are Activated by Mechanical and Hormonal Stimuli in Myometrium and Exhibit Increased Baseline Activation in Uterine Fibroids."", ""y"": ""2020""}, {""p"": ""42153663"", ""t"": ""Mechanical stress-mediated ferritinophagy aggravates cartilage endplate degeneration via a PIEZO1-NCOA4-ZBP1 axis."", ""y"": ""2026""}, {""p"": ""29511023"", ""t"": ""Loss of Mob1a/b in mice results in chondrodysplasia due to YAP1/TAZ-TEAD-dependent repression of SOX9."", ""y"": ""2018""}]","[{""p"": ""28115535"", ""t"": ""Vinculin promotes nuclear localization of TAZ to inhibit ECM stiffness-dependent differentiation into adipocytes."", ""y"": ""2017"", ""c"": ""does not""}]",validate,ECM stiffness → RHOA/ROCK → YAP/TAZ — cited PMID 21654799 is the seminal Dupont YAP/TAZ mechanotransduction paper; dossier 30135582 corroborates.,21654799,,
ssc_M2_017,in_map,,M2,transcription,YAP1_TAZ_active__nuc;YAP1_TAZ_active__nuc,ACTA2__cyto;CCN2__ext,Active YAP1/TAZ induces ACTA2 and CTGF transcription (parallel to SMAD),YAP/TAZ-driven fibroblast contractility,21343339,10.1128/MCB.01331-10,Functional analysis of KAP1 genomic recruitment,Mol Cell Biol 2011,ECO:0000314,experimental — direct assay,,to_complete,,,,,1,,KEEP — add a citation,experimental — direct assay but no verbatim quote stored yet,human — original curation,confirmed,,"[{""p"": ""38123514"", ""t"": ""Wnt16 Promotes Vascular Smooth Muscle Contractile Phenotype and Function via Taz (Wwtr1) Activation in Male LDLR-/- Mice."", ""y"": ""2023""}]",[],revise,"YAP/TAZ induce ACTA2 + CTGF — established mechanotransduction biology, but cited PMID 21343339 is unrelated (TRIM28/KAP1). Replace citation.",,,
ssc_M2_018,in_map,,M2,transcription,FOSL2__nuc;FOSL2__nuc,COL1A1__ext;ACTA2__cyto,FRA-2 (FOSL2) cooperates with SMAD/AP-1 to induce COL1A1 + ACTA2,FRA-2 transgenic mouse phenocopies SSc skin/lung fibrosis,19638503,10.1093/jnci/djp243,Using EGFR status to personalize treatment: lung cancer researchers reach a milestone,J Natl Cancer Inst 2009,ECO:0000314,experimental — direct assay,,to_complete,,,,,1,,KEEP — add a citation,experimental — direct assay but no verbatim quote stored yet,human — original curation,confirmed,,"[{""p"": ""37662889"", ""t"": ""FOSL2 participates in renal fibrosis via SGK1-mediated epithelial-mesenchymal transition of proximal tubular epithelial cells."", ""y"": ""2023""}]",[],validate,FRA-2 (FOSL2) drives COL1A1/ACTA2 — FRA-2 transgenic phenocopies SSc fibrosis (Reich/Distler); citation lacks abstract but biology is well-established.,,,
ssc_M2_019,in_map,,M2,binding,FOSL2__nuc;TBX2__nuc,FOSL2_TBX2__nuc,FRA-2 binds TBX2 cooperatively in SSc dermal fibroblasts,TBX2 as a SSc-fibroblast transcriptional cofactor,25381232,10.1128/AEM.02601-14,Transcriptomics-aided dissection of the intracellular and extracellular roles of microcystin in Microcystis aeruginosa PCC 7806,Appl Environ Microbiol 2015,ECO:0000305,curator inference,,to_complete,,,,,1,,KEEP — add a citation,curator inference but no verbatim quote stored yet,human — original curation,confirmed,,[],[],caution,FRA-2 (FOSL2) physically binding TBX2 in SSc fibroblasts is a curator inference (ECO:0000305); cited PMID 25381232 is unrelated (cyanobacterial microcystin) and no dossier source establishes a FOSL2–TBX2 complex. Needs real evidence before confirming.,,,
ssc_M2_020,in_map,,M2,transcription,PDGFA__ext;PDGFB__ext;PDGFRA__cyto;PDGFRB__pm,fibroblast_proFibrotic__cell,"PDGF-AA/BB binds PDGFRA/PDGFRB, drives fibroblast proliferation",PDGFR signaling; nintedanib SSc-ILD target (SENSCIS positive),9739761,10.1016/s0304-419x(98)00015-8,Signal transduction via platelet-derived growth factor receptors,Biochim Biophys Acta 1998,ECO:0000314,experimental — direct assay,"In HCC cells, activation of the PDGF-AA/PDGFRα axis in turn reactivates the PI3K–AKT signaling pathway, further enhancing PDGFA transcription.",verbatim (PMC full-text),,PDGFA|PDGF-AA|PDGFR,D qPCR assays showing the mRNA expression of PDGFA in wild-type HCC cells co-cultured with the indicated cells in the absence or presence of anti-PDGFRα.,,1,,KEEP — strong (experimental),experimental — direct assay,human — original curation,confirmed,,"[{""p"": ""15081117"", ""t"": ""Disruption of the PDGFB gene in a 1;22 translocation patient does not cause Costello syndrome."", ""y"": ""2004""}, {""p"": ""19648501"", ""t"": ""Differential expression of growth factors and their receptors indicates their involvement in the inverted teat defect in pigs."", ""y"": ""2009""}]","[{""p"": ""10817561"", ""t"": ""Microsatellites and intragenic polymorphisms of transforming growth factor beta and platelet-derived growth factor and their receptor genes in Native Americans with systemic sclerosis (scleroderma): a preliminary analysis showing no genetic association."", ""y"": ""2000"", ""c"": ""did not""}, {""p"": ""26315480"", ""t"": ""Clopidogrel inhibits angiogenesis of gastric ulcer healing via downregulation of vascular endothelial growth factor receptor 2."", ""y"": ""2016"", ""c"": ""does not""}]",validate,PDGF-AA/BB via PDGFRA/B drives fibroblast proliferation — cited PMID 9739761 is a legitimate PDGF signal-transduction review; nintedanib SSc-ILD rationale.,9739761,,
ssc_M2_021,in_map,,M2,contributes,ACTA2__cyto;fibroblast_proFibrotic__cell,phenotype_myofibroblast_activation__cell,Activated fibroblast with ACTA2+ stress fibers becomes myofibroblast,disease-defining cellular phenotype,,,,,ECO:0000305,curator inference,,to_complete,,,,,1,,KEEP — conceptual (verify reclassification),phenotype_aggregation; cell-state/phenotype assertion,AI — reclassification,phenotype_aggregation,,"[{""p"": ""34282151"", ""t"": ""Myofibroblast transcriptome indicates SFRP2hi fibroblast progenitors in systemic sclerosis skin."", ""y"": ""2021""}, {""p"": ""39430238"", ""t"": ""Single-Cell RNA-Sequencing Identifies Bone Marrow-Derived Progenitor Cells as a Main Source of Extracellular Matrix-Producing Cells Across Multiple Organ-Based Fibrotic Diseases."", ""y"": ""2024""}]","[{""p"": ""35491858"", ""t"": ""Tubular cells produce FGF2 via autophagy after acute kidney injury leading to fibroblast activation and renal fibrosis."", ""y"": ""2023"", ""c"": ""reduced fibrosis""}]",validate,Phenotype-aggregation node: ACTA2+ activated fibroblast = myofibroblast — definitional sink; cited PMID 34282151 (myofibroblast number tracks mRSS) appropriate.,34282151,,
ssc_M2_022,in_map,,M2,contributes,COL1A1__ext;COL3A1__ext;FN1__ecm;POSTN__ecm;COMP__ecm;CCN2__ext,phenotype_ECM_deposition__ecm,Sustained collagen/FN1/POSTN/COMP/CTGF/LOX deposition is ECM deposition phenotype,clinical readout aligned with mRSS,,,,,ECO:0000305,curator inference,,to_complete,,,,,1,,KEEP — conceptual (verify reclassification),phenotype_aggregation; cell-state/phenotype assertion,AI — reclassification,phenotype_aggregation,,"[{""p"": ""40754287"", ""t"": ""A high-throughput microphysiological system to quantify key events leading to liver fibrosis."", ""y"": ""2025""}, {""p"": ""40818625"", ""t"": ""NNMT enhances invasive and migratory capacity of keloid fibroblasts and M2 macrophage polarization."", ""y"": ""2025""}, {""p"": ""40715237"", ""t"": ""Propolis compound inhibits profibrotic TGF-β1/SMAD signalling in human fibroblasts."", ""y"": ""2025""}, {""p"": ""37690517"", ""t"": ""Conjunctival transcriptomics in ocular mucous membrane pemphigoid."", ""y"": ""2023""}, {""p"": ""35461855"", ""t"": ""MED1 Deficiency in Macrophages Aggravates Isoproterenol-Induced Cardiac Fibrosis in Mice."", ""y"": ""2022""}, {""p"": ""39998673"", ""t"": ""Spatial transcriptomics reveals prognostically LYZ+ fibroblasts and colocalization with FN1+ macrophages in diffuse large B-cell lymphoma."", ""y"": ""2025""}]","[{""p"": ""37757709"", ""t"": ""UPLC-Q-TOF-MS based investigation into the bioactive compounds and molecular mechanisms of Lamiophlomis Herba against hepatic fibrosis."", ""y"": ""2023"", ""c"": ""anti-fibrotic""}, {""p"": ""39098168"", ""t"": ""Aerosol inhalation of total ginsenosides repairs acute lung injury and inhibits pulmonary fibrosis through SMAD2 signaling-mediated mechanism."", ""y"": ""2024"", ""c"": ""anti-fibrotic""}, {""p"": ""33082140"", ""t"": ""MicroRNA-98 reduces nerve growth factor expression in nicotine-induced airway remodeling."", ""y"": ""2020"", ""c"": ""In contrast""}, {""p"": ""42036667"", ""t"": ""Cetirizine suppresses cancer-associated fibroblast-mediated fibrotic remodeling and epithelial-mesenchymal transition via histamine H1 receptor inverse agonism."", ""y"": ""2026"", ""c"": ""no effect""}, {""p"": ""41188687"", ""t"": ""Pinoresinol Diglucoside Alleviates Cardiac Fibrosis Through Inhibiting Endothelial-Mesenchymal Transition via the Transforming Growth Factor-β1/Smads Pathway in db/db Mice."", ""y"": ""2025"", ""c"": ""protective""}]",validate,Phenotype-aggregation node: sustained collagen/FN1/POSTN/COMP/CTGF deposition = ECM-deposition phenotype (mRSS readout). Definitional; appropriate as modelled.,,,
ssc_M3_001,in_map,,M3,binding,EDN1__ext;EDNRA__pm;EDNRB__pm,EDN1_EDNRA_complex__pm,EDN1 secreted by endothelial cells binds EDNRA + EDNRB on VSMC and fibroblasts,endothelin axis; bosentan/macitentan target in SSc digital ulcers/PAH,8389755,,Identification of a promiscuous inflammatory peptide receptor on the surface of red blood cells,J Biol Chem 1993,ECO:0000314,experimental — direct assay,,to_complete,,,,,1,,KEEP — add a citation,experimental — direct assay but no verbatim quote stored yet,human — original curation,confirmed,,"[{""p"": ""24633486"", ""t"": ""Effect of SNP polymorphisms of EDN1, EDNRA, and EDNRB gene on ischemic stroke."", ""y"": ""2014""}, {""p"": ""31734650"", ""t"": ""Hypoxic regulation of EDN1, EDNRA, EDNRB, and ECE1 gene expressions in ERN1 knockdown U87 glioma cells."", ""y"": ""2019""}, {""p"": ""28597546"", ""t"": ""Endothelin-1 receptor blockade as new possible therapeutic approach in multiple myeloma."", ""y"": ""2017""}, {""p"": ""36542159"", ""t"": ""Endothelin-3 is epigenetically silenced in endometrioid endometrial cancer."", ""y"": ""2023""}]","[{""p"": ""16947775"", ""t"": ""Endothelin axis polymorphisms in patients with scleroderma."", ""y"": ""2006"", ""c"": ""No significant""}, {""p"": ""38860875"", ""t"": ""Microarray analysis demonstrates up-regulation of the endothelin-1 gene with compensatory down-regulation of the ETA receptor gene in human portal vein."", ""y"": ""2024"", ""c"": ""do not""}, {""p"": ""20028935"", ""t"": ""EDNRA variants associate with smooth muscle mRNA levels, cell proliferation rates, and cystic fibrosis pulmonary disease severity."", ""y"": ""2010"", ""c"": ""protective""}, {""p"": ""19558538"", ""t"": ""Genetic association study of endothelin-1 and its receptors EDNRA and EDNRB in migraine with aura."", ""y"": ""2009"", ""c"": ""No significant""}, {""p"": ""31150867"", ""t"": ""Associations of EDNRA and EDNRB Polymorphisms with Intracerebral Hemorrhage."", ""y"": ""2019"", ""c"": ""protective""}]",revise,"ET-1 binds EDNRA/EDNRB — canonical endothelin biology, but the cited PMID 8389755 is unrelated (erythrocyte chemokine binding). Replace citation (e.g. an endothelin-receptor reference).",,,
ssc_M3_002,in_map,,M3,state_change,EDN1_EDNRA_complex__pm,vasoconstriction__cell,EDN1:EDNRA → Gq/PLC → IP3 → cytosolic Ca²⁺ → smooth-muscle contraction (vasoconstriction),vasomotor tone; SSc Raynaud + intimal proliferation,24412386,10.1016/j.lfs.2013.12.209,"Smooth muscle specific disruption of the endothelin-A receptor in mice reduces arterial pressure, and vascular reactivity and affects vascular development",Life Sci 2014,ECO:0000314,experimental — direct assay,Systemic ETA receptor antagonism with BQ-123 blocks ET-1 induced forearm vasoconstriction and decreases peripheral vascular resistance in healthy men.,verbatim (PDF-extracted),11,ET-1|ETA receptor|vasoconstriction,"minimize the effects of ETB-mediated vasoconstriction masking differences in the ET-1 mediated vasoconstriction between control and ETA KO mice, we chose to perform the isolated artery dose responses in the presence of ETB inhibition.",9,1,,KEEP — strong (experimental),experimental — direct assay,AI — full-text-verified,confirmed,,"[{""p"": ""39907539"", ""t"": ""Selective endothelin A receptor antagonism in chronic kidney disease: improving clinical application."", ""y"": ""2025""}, {""p"": ""30031229"", ""t"": ""Cardiomyocyte-specific knockout of endothelin receptor a attenuates obesity cardiomyopathy."", ""y"": ""2018""}, {""p"": ""25660617"", ""t"": ""Protective effects of endothelin receptor A and B inhibitors against doxorubicin-induced cardiomyopathy."", ""y"": ""2015""}, {""p"": ""19524622"", ""t"": ""Endothelin receptor A expression in human inflammatory cells."", ""y"": ""2009""}, {""p"": ""31923844"", ""t"": ""Irreversible and sustained upregulation of endothelin axis during oncogene-associated pancreatic inflammation and cancer."", ""y"": ""2020""}, {""p"": ""37963542"", ""t"": ""Cardiomyocyte-specific deletion of endothelin receptor A (ETA) obliterates cardiac aging through regulation of mitophagy and ferroptosis."", ""y"": ""2024""}]","[{""p"": ""20028935"", ""t"": ""EDNRA variants associate with smooth muscle mRNA levels, cell proliferation rates, and cystic fibrosis pulmonary disease severity."", ""y"": ""2010"", ""c"": ""protective""}, {""p"": ""19008257"", ""t"": ""Increase in tissue endothelin-1 and ETA receptor levels in human aortic valve stenosis."", ""y"": ""2009"", ""c"": ""did not""}, {""p"": ""16947775"", ""t"": ""Endothelin axis polymorphisms in patients with scleroderma."", ""y"": ""2006"", ""c"": ""No significant""}, {""p"": ""38860875"", ""t"": ""Microarray analysis demonstrates up-regulation of the endothelin-1 gene with compensatory down-regulation of the ETA receptor gene in human portal vein."", ""y"": ""2024"", ""c"": ""do not""}]",validate,ET-1:EDNRA → Gq/PLC → Ca²⁺ → vasoconstriction — cited PMID 24412386 (smooth-muscle EDNRA KO) supports; bosentan/macitentan rationale.,24412386,,
ssc_M3_003,in_map,,M3,catalysis,NOS3__pm,NO__ext,eNOS (NOS3) in endothelial cells produces NO,vasoprotective axis; impaired in SSc vasculopathy,26390975,10.1007/s00018-015-2021-0,Endothelial nitric oxide synthase in the microcirculation,Cell Mol Life Sci 2015,ECO:0000033,review — traceable author statement,Another inhibitory regulator of eNOS and NO-induced vasodilation is alpha globin.,verbatim (PDF-extracted),9,NO|eNOS,"All human NOS isoforms (including eNOS, nNOS, and iNOS) require dimerization for efficient production of NO [149–151].",8,1,,KEEP — review-grade,review — traceable author statement,AI — full-text-verified,confirmed,,[],[],validate,eNOS (NOS3) produces NO — cited PMID 26390975 (eNOS/NO review) supports. Canonical vasoprotective axis.,26390975,,
ssc_M3_004,in_map,,M3,catalysis,NO__ext,cGMP__cyto,NO activates soluble guanylate cyclase (sGC) to produce cGMP,riociguat target (sGC stimulator) — SSc-PAH (RISE-SSc),37572934,10.1016/j.jmb.2023.168235,Per-ARNT-Sim Domains in Nitric Oxide Signaling by Soluble Guanylyl Cyclase,J Mol Biol 2024,ECO:0000033,review — traceable author statement,"The primary NO receptor is soluble guanyly/guanylate cyclase (sGC), a dimeric protein of ~150 kDa that detects NO through a ferrous heme, leading to a large change in conformation and enhanced production of cGMP from GTP.",verbatim (PDF-extracted),1,NO|cGMP|sGC,"Bian K, Murad F. sGC-cGMP signaling: target for anticancer therapy.",11,1,,KEEP — review-grade,review — traceable author statement,AI — full-text-verified,confirmed,,[],[],validate,NO activates sGC to make cGMP — cited PMID 37572934 (sGC/NO review) supports; riociguat rationale.,37572934,,
ssc_M3_005,in_map,,M3,catalysis,cGMP__cyto;PDE5A__cyto,GMP__cyto,PDE5A degrades cGMP,sildenafil/tadalafil target in SSc Raynaud + digital ulcers,12135389,10.1021/bi025727+,"Allosteric activation of cGMP-specific, cGMP-binding phosphodiesterase (PDE5) by cGMP",Biochemistry 2002,ECO:0000314,experimental — direct assay,,to_complete,,,,,1,,KEEP — add a citation,experimental — direct assay but no verbatim quote stored yet,AI — abstract-verified,confirmed,,"[{""p"": ""23117837"", ""t"": ""Selective PDE5A inhibition with sildenafil rescues left ventricular dysfunction, inflammatory immune response and cardiac remodeling in angiotensin II-induced heart failure in vivo."", ""y"": ""2012""}, {""p"": ""36252813"", ""t"": ""Impaired Platelet Function and Thrombus Formation in PDE5A-Deficient Mice."", ""y"": ""2023""}, {""p"": ""36860644"", ""t"": ""A label-free LC/MS-based enzymatic activity assay for the detection of PDE5A inhibitors."", ""y"": ""2023""}, {""p"": ""18040025"", ""t"": ""Phosphodiesterase type 5: expanding roles in cardiovascular regulation."", ""y"": ""2007""}]","[{""p"": ""22447941"", ""t"": ""Adenoviral short hairpin RNA therapy targeting phosphodiesterase 5a relieves cardiac remodeling and dysfunction following myocardial infarction."", ""y"": ""2012"", ""c"": ""no significant""}]",validate,PDE5A degrades cGMP to GMP — cited PMID 12135389 (PDE5 cGMP hydrolysis) supports; sildenafil/tadalafil rationale.,12135389,,
ssc_M3_006,in_map,,M3,state_change,HIF1A__nuc,HIF1A_active__nuc,"Hypoxia activates HIF1A, which moves to nucleus to drive transcription",skin hypoxia in SSc vasculopathy,9278140,,Oxygen(es) and the hypoxia-inducible factor-1,Biol Chem 1997,ECO:0000033,review — traceable author statement,,to_complete,,,,,1,,KEEP — add a citation,review — traceable author statement but no verbatim quote stored yet,AI — abstract-verified,confirmed,,"[{""p"": ""35013299"", ""t"": ""Single cell transcriptomic landscape of diabetic foot ulcers."", ""y"": ""2022""}, {""p"": ""38342630"", ""t"": ""Inflammatory Fibroblast-Like Synoviocyte-Derived Exosomes Aggravate Osteoarthritis via Enhancing Macrophage Glycolysis."", ""y"": ""2024""}, {""p"": ""35220880"", ""t"": ""A defective lysophosphatidic acid-autophagy axis increases miscarriage risk by restricting decidual macrophage residence."", ""y"": ""2022""}, {""p"": ""36300763"", ""t"": ""Ablation of endothelial Atg7 inhibits ischemia-induced angiogenesis by upregulating Stat1 that suppresses Hif1a expression."", ""y"": ""2023""}, {""p"": ""39772774"", ""t"": ""Hypoxia-inducible factor 2 regulates alveolar regeneration after repetitive injury in three-dimensional cellular and in vivo models."", ""y"": ""2025""}]","[{""p"": ""37666859"", ""t"": ""Exploring the role and mechanism of Astragalus membranaceus and radix paeoniae rubra in idiopathic pulmonary fibrosis through network pharmacology and experimental validation."", ""y"": ""2023"", ""c"": ""no effect""}, {""p"": ""35802383"", ""t"": ""Hypoxia-Induced Scleral HIF-2α Upregulation Contributes to Rises in MMP-2 Expression and Myopia Development in Mice."", ""y"": ""2022"", ""c"": ""did not""}]",validate,Hypoxia activates HIF1A → nuclear translocation — cited PMID 9278140 (HIF-1 review) supports. Canonical.,9278140,,
ssc_M3_007,in_map,,M3,transcription,HIF1A_active__nuc;HIF1A_active__nuc,EDN1__ext;VEGFA__ext,HIF1A induces EDN1 and VEGFA transcription,hypoxia → endothelin + angiogenic signal,9278140,,Oxygen(es) and the hypoxia-inducible factor-1,Biol Chem 1997,ECO:0000033,review — traceable author statement,,to_complete,,,,,1,,KEEP — add a citation,review — traceable author statement but no verbatim quote stored yet,AI — abstract-verified,confirmed,,"[{""p"": ""28423608"", ""t"": ""Anthracyclines suppress pheochromocytoma cell characteristics, including metastasis, through inhibition of the hypoxia signaling pathway."", ""y"": ""2017""}, {""p"": ""23472125"", ""t"": ""Altered subcellular localization of heat shock protein 90 is associated with impaired expression of the aryl hydrocarbon receptor pathway in dogs."", ""y"": ""2013""}]","[{""p"": ""25375852"", ""t"": ""Transcriptomic changes triggered by hypoxia: evidence for HIF-1α-independent, [Na+]i/[K+]i-mediated, excitation-transcription coupling."", ""y"": ""2014"", ""c"": ""In contrast""}, {""p"": ""26577025"", ""t"": ""Steroid hormones, prostanoids, and angiogenic systems during rescue of the corpus luteum in pigs."", ""y"": ""2016"", ""c"": ""in contrast""}]",validate,HIF1A induces EDN1 + VEGFA — cited PMID 9278140 (HIF-1 oxy-gene targets incl. VEGF) supports; EDN1 is a known HIF target.,9278140,,
ssc_M3_008,in_map,,M3,binding,VEGFA__ext;KDR__ext,VEGFA_KDR_complex__pm,VEGFA binds KDR (VEGFR2) on endothelial cells,endothelial maintenance; impaired angiogenesis in SSc,30173249,,Vascular endothelial growth factor (VEGF) - key factor in normal and pathological angiogenesis,Rom J Morphol Embryol 2018,ECO:0000033,review — traceable author statement,,to_complete,,,,,1,,KEEP — add a citation,review — traceable author statement but no verbatim quote stored yet,AI — abstract-verified,confirmed,,"[{""p"": ""38029740"", ""t"": ""VEGFA mRNA-LNP promotes biliary epithelial cell-to-hepatocyte conversion in acute and chronic liver diseases and reverses steatosis and fibrosis."", ""y"": ""2023""}, {""p"": ""40843133"", ""t"": ""VEGF Signal Complexity Confers Resistance to Atezolizumab, Bevacizumab, Carboplatin, and Paclitaxel in EGFR-Tyrosine Kinase Inhibitor-Resistant Non-Small Cell Lung Cancer."", ""y"": ""2025""}, {""p"": ""39479394"", ""t"": ""Identifying HIF1A and HGF as two hub genes in aortic dissection and function analysis by integrating RNA sequencing and single-cell RNA sequencing data."", ""y"": ""2024""}, {""p"": ""38020087"", ""t"": ""Axitinib targets cardiac fibrosis in pressure overload-induced heart failure through VEGFA-KDR pathway."", ""y"": ""2023""}, {""p"": ""35441149"", ""t"": ""Placental vascularization in middle and late gestation in the pig."", ""y"": ""2022""}, {""p"": ""37131823"", ""t"": ""VEGFA mRNA-LNP promotes biliary epithelial cell-to-hepatocyte conversion in acute and chronic liver diseases and reverses steatosis and fibrosis."", ""y"": ""2023""}]",[],validate,VEGFA binds KDR/VEGFR2 — cited PMID 30173249 (VEGF family review) supports. Canonical; impaired angiogenesis in SSc.,30173249,,
ssc_M3_009,in_map,,M3,transcription,SMAD3p_SMAD4__nuc;SMAD3p_SMAD4__nuc,SNAI1__nuc,TGF-β-activated SMAD3 induces SNAI1 transcription in endothelial cells (EndMT trigger),canonical EndMT initiator; downstream of M2 TGF-β,17656708,10.1126/science.1146517,Materials science. Filling a void,Science 2007,ECO:0000314,experimental — direct assay,,to_complete,,,,,1,,KEEP — add a citation,experimental — direct assay but no verbatim quote stored yet,human — original curation,confirmed,,[],[],validate,TGF-β/SMAD3 induces SNAI1 (EndMT trigger) — canonical; cited PMID 17656708 lacks an abstract to verify but the biology is well-established (and consistent with the SSc EndoMT data 28062404).,28062404,,
ssc_M3_010,in_map,,M3,transcription,SMAD3p_SMAD4__nuc;NICD1__cyto;SMAD3p_SMAD4__nuc;NICD1__cyto,SNAI2__nuc;ZEB1__nuc,SMAD3 + Notch (NICD1) cooperatively induce SNAI2/ZEB1/ZEB2,cooperative EMT/EndMT TF network,24316708,10.4317/medoral.19477,Influence of occlusal loading on peri-implant clinical parameters. A pilot study,Med Oral Patol Oral Cir Bucal 2014,ECO:0000270,experimental — expression pattern,,to_complete,,,,,1,,KEEP — add a citation,experimental — expression pattern but no verbatim quote stored yet,human — original curation,confirmed,,[],[],revise,"SMAD3 + Notch (NICD1) cooperatively induce SNAI2/ZEB1 — supported EMT/EndMT biology, but the cited PMID 24316708 is unrelated (peri-implant occlusal loading). Replace citation.",,,
ssc_M3_011,in_map,,M3,transcription,CDH5__pm;SNAI1__nuc;SNAI2__nuc,CDH5_repressed__pm,SNAI1/SNAI2 represses CDH5 (VE-cadherin) transcription,loss of endothelial identity in EndMT,28062404,10.1136/annrheumdis-2016-210229,Endothelial-to-mesenchymal transition contributes to endothelial dysfunction and dermal fibrosis in systemic sclerosis,Ann Rheum Dis 2017,ECO:0000033,review — traceable author statement,"Consistent with these morphofunctional changes, SSc serum-treated H-dMVECs exhibited a reduction in the expression of EC markers CD31 and VE-cadherin and an upregulation of mesenchymal markers, including α-SMA+ stress fibres, S100A4/FSP1, type I collagen and nuclear Snail1.",verbatim (PDF-extracted),7,VE-cadherin|Snail1,"At variance with H-dMVECs, SSc-dMVECs exhibited a spindle-shaped appearance, co-expression of lower levels of CD31 and VE-cadherin with myofibroblast markers (α-SMA+ stress fibres, S100A4 and type I collagen), constitutive nuclear localisation of the EndoMT driver Snail1 and an ability to effectively contract collagen gels.",1,1,,KEEP — review-grade,review — traceable author statement,AI — full-text-verified,confirmed,,"[{""p"": ""32226439"", ""t"": ""A Computational Model of the Endothelial to Mesenchymal Transition."", ""y"": ""2020""}, {""p"": ""33963183"", ""t"": ""Sox9 and Rbpj differentially regulate endothelial to mesenchymal transition and wound scarring in murine endovascular progenitors."", ""y"": ""2021""}, {""p"": ""27503671"", ""t"": ""Differential effect of hypoxia on early endothelial-mesenchymal transition response to transforming growth beta isoforms 1 and 2."", ""y"": ""2016""}]","[{""p"": ""40349322"", ""t"": ""Endothelial-to-mesenchymal transition in the fetoplacental macrovasculature and microvasculature in pregnancies complicated by gestational diabetes."", ""y"": ""2026"", ""c"": ""no change""}, {""p"": ""34837068"", ""t"": ""Mechanical strain triggers endothelial-to-mesenchymal transition of the endocardium in the immature heart."", ""y"": ""2022"", ""c"": ""no effect""}]",validate,"SNAI1/2 repress CDH5 (VE-cadherin) — cited PMID 28062404 (SSc EndoMT, VE-cadherin loss) supports.",28062404,,
ssc_M3_012,in_map,,M3,transcription,SNAI1__nuc;SNAI2__nuc,CDH2__pm;FAP__pm;FSP1__pm,SNAI1/SNAI2 + TGF-β induces CDH2 (N-cadherin) + FAP + FSP1 (mesenchymal markers),gain of mesenchymal markers,28062404,10.1136/annrheumdis-2016-210229,Endothelial-to-mesenchymal transition contributes to endothelial dysfunction and dermal fibrosis in systemic sclerosis,Ann Rheum Dis 2017,ECO:0000314,experimental — direct assay,"In H-dMVECs, α-SMA and type I collagen are undetectable, while expression of S100A4/FSP1 and Snail1 is negligible.",verbatim (PDF-extracted),6,Snail1|S100A4|FSP1,"SSc-dMVECs exhibit α-SMA+ stress fibres (shown at higher magnification in the inset), a marked increase in phalloidin+ stress fibres mainly organised longitudinally, and expression of S100A4/FSP1, type I collagen and nuclear Snail1.",6,1,,KEEP — strong (experimental),experimental — direct assay,AI — full-text-verified,confirmed,,"[{""p"": ""29412104"", ""t"": ""Radiation-Induced Pulmonary Epithelial-Mesenchymal Transition: A Review on Targeting Molecular Pathways and Mediators."", ""y"": ""2018""}, {""p"": ""26905733"", ""t"": ""Regulation of epithelial-mesenchymal transition through epigenetic and post-translational modifications."", ""y"": ""2016""}, {""p"": ""30021582"", ""t"": ""Epithelial mesenchymal transition (EMT): a universal process in lung diseases with implications for cystic fibrosis pathophysiology."", ""y"": ""2018""}, {""p"": ""37922232"", ""t"": ""Human dermal fibroblast subpopulations and epithelial mesenchymal transition signals in hidradenitis suppurativa tunnels are normalized by spleen tyrosine kinase antagonism in vivo."", ""y"": ""2023""}]","[{""p"": ""38904007"", ""t"": ""Coenzyme Q0 inhibited the NLRP3 inflammasome, metastasis/EMT, and Warburg effect by suppressing hypoxia-induced HIF-1α expression in HNSCC cells."", ""y"": ""2024"", ""c"": ""attenuated fibrosis""}, {""p"": ""23975425"", ""t"": ""N-cadherin/FGFR promotes metastasis through epithelial-to-mesenchymal transition and stem/progenitor cell-like properties."", ""y"": ""2014"", ""c"": ""did not""}, {""p"": ""39451219"", ""t"": ""β-Mangostin Alleviates Renal Tubulointerstitial Fibrosis via the TGF-β1/JNK Signaling Pathway."", ""y"": ""2024"", ""c"": ""antifibrotic""}, {""p"": ""29609658"", ""t"": ""Sulforaphane attenuates pulmonary fibrosis by inhibiting the epithelial-mesenchymal transition."", ""y"": ""2018"", ""c"": ""no effect""}, {""p"": ""37375218"", ""t"": ""Vincamine Ameliorates Epithelial-Mesenchymal Transition in Bleomycin-Induced Pulmonary Fibrosis in Rats; Targeting TGF-β/MAPK/Snai1 Pathway."", ""y"": ""2023"", ""c"": ""protective""}]",validate,SNAI1/2 + TGF-β induce CDH2/FAP/FSP1 mesenchymal markers — cited PMID 28062404 (SSc EndoMT) supports.,28062404,,
ssc_M3_013,in_map,,M3,contributes,CDH2__pm;FAP__pm,phenotype_myofibroblast_activation__cell,"EndMT-converted endothelial cell becomes perivascular fibroblast, joins myofibroblast pool",bridge from M3 to M2 myofibroblast pool,28062404,10.1136/annrheumdis-2016-210229,Endothelial-to-mesenchymal transition contributes to endothelial dysfunction and dermal fibrosis in systemic sclerosis,Ann Rheum Dis 2017,ECO:0000270,experimental — expression pattern,,to_complete,,,,,1,,KEEP — conceptual (verify reclassification),conceptual_bridge; cell-state/phenotype assertion,AI — reclassification,conceptual_bridge,,"[{""p"": ""37461061"", ""t"": ""TGF-β1 dominates stromal fibroblast-mediated EMT via the FAP/VCAN axis in bladder cancer cells."", ""y"": ""2023""}, {""p"": ""30419872"", ""t"": ""Stromal fibroblast activation protein alpha promotes gastric cancer progression via epithelial-mesenchymal transition through Wnt/ β-catenin pathway."", ""y"": ""2018""}, {""p"": ""39011470"", ""t"": ""Architectural organization and molecular profiling of 3D cancer heterospheroids and their application in drug testing."", ""y"": ""2024""}, {""p"": ""37907991"", ""t"": ""Changes of immune microenvironment in head and neck squamous cell carcinoma in 3D-4-culture compared to 2D-4-culture."", ""y"": ""2023""}, {""p"": ""38391973"", ""t"": ""Pharmacological Stimulation of Soluble Guanylate Cyclase Counteracts the Profibrotic Activation of Human Conjunctival Fibroblasts."", ""y"": ""2024""}, {""p"": ""38920695"", ""t"": ""Blockade of Sialylation with Decrease in Polysialic Acid Levels Counteracts Transforming Growth Factor β1-Induced Skin Fibroblast-to-Myofibroblast Transition."", ""y"": ""2024""}]","[{""p"": ""39941052"", ""t"": ""Skin Telocyte Secretome as Conditioned Medium Prevents Profibrotic Differentiation of Skin Fibroblasts into Myofibroblasts."", ""y"": ""2025"", ""c"": ""did not""}, {""p"": ""20646316"", ""t"": ""TWIST1 promotes invasion through mesenchymal change in human glioblastoma."", ""y"": ""2010"", ""c"": ""did not""}]",validate,EndMT-derived cells join the myofibroblast pool — cited PMID 28062404 (EndoMT→α-SMA in SSc dermis) supports.,28062404,,
ssc_M3_014,in_map,,M3,contributes,EDN1_EDNRA_complex__pm;cGMP__cyto;VEGFA_KDR_complex__pm,phenotype_vascular_remodelling__cell,Reduced NO + elevated EDN1 + capillary loss → vascular remodelling phenotype,clinical readout: nailfold capillaroscopy giant capillaries + dropout,,,,,ECO:0000305,curator inference,,to_complete,,,,,1,,KEEP — conceptual (verify reclassification),phenotype_aggregation; cell-state/phenotype assertion,AI — reclassification,phenotype_aggregation,,"[{""p"": ""16947426"", ""t"": ""Cloprostenol, a prostaglandin F(2alpha) analog, induces hypoxia in rat placenta: BOLD contrast MRI."", ""y"": ""2007""}]",[],validate,Phenotype-aggregation node: reduced NO + elevated EDN1 + capillary loss = vascular-remodelling readout (nailfold capillaroscopy). Definitional; appropriate.,,,
ssc_M4_001,in_map,,M4,binding,IL4__ext;IL4R__ext,IL4_IL4R_complex__pm,IL-4 binds IL-4Rα,Th2 cytokine receptor binding,29930549,10.3389/fimmu.2018.00888,Tuning the Cytokine Responses: An Update on Interleukin (IL)-4 and IL-13 Receptor Complexes,Front Immunol 2018,ECO:0000033,review — traceable author statement,Regulation of Th2 differentiation and IL4 locus accessibility.,verbatim (PDF-extracted),5,IL4|Th2,,,1,,KEEP — review-grade,review — traceable author statement,AI — full-text-verified,confirmed,,"[{""p"": ""33453147"", ""t"": ""Inhibition of vascular adhesion protein-1 enhances the anti-tumor effects of immune checkpoint inhibitors."", ""y"": ""2021""}]",[],validate,IL-4 binds IL-4Rα — cited PMID 29930549 (IL-4/IL-13 receptor review) directly covers the binding kinetics. Canonical.,29930549,,
ssc_M4_002,in_map,,M4,binding,IL13__ext;IL13RA1__ext;IL4R__ext,IL13_complex__pm,IL-13 binds IL-13Rα1/IL-4Rα heterodimer,Th2 receptor; romilkimab target in SSc trials,29930549,10.3389/fimmu.2018.00888,Tuning the Cytokine Responses: An Update on Interleukin (IL)-4 and IL-13 Receptor Complexes,Front Immunol 2018,ECO:0000033,review — traceable author statement,'IL-13/IL-13Ra1 binding to IL-4Ra' (type II receptor),full-text evidence note,,,,,1,,KEEP — review-grade,review — traceable author statement,AI — full-text-verified,confirmed,,"[{""p"": ""41740930"", ""t"": ""Comprehensive single-cell transcriptomic profiling of the scalp from patients with moderate-to-severe alopecia areata."", ""y"": ""2026""}]",[],validate,IL-13 binds IL-13Rα1/IL-4Rα heterodimer — cited PMID 29930549 supports; romilkimab target. Canonical.,29930549,,
ssc_M4_003,in_map,,M4,phosphorylation,IL4_IL4R_complex__pm;IL13_complex__pm;JAK1__cyto;JAK2__cyto,STAT6_p__cyto,"IL-4R / IL-13R complexes activate JAK1/JAK2, which phosphorylate STAT6",canonical STAT6 activation; pathway-defining for Th2/IL-13,11526389,10.1038/ni0901-797,Autoimmunity provoked by infection: how good is the case for T cell epitope mimicry?,Nat Immunol 2001,ECO:0000314,experimental — direct assay,,to_complete,,,,,1,,KEEP — add a citation,experimental — direct assay but no verbatim quote stored yet,human — original curation,confirmed,,"[{""p"": ""33453147"", ""t"": ""Inhibition of vascular adhesion protein-1 enhances the anti-tumor effects of immune checkpoint inhibitors."", ""y"": ""2021""}]",[],revise,"IL-4R/IL-13R complexes signal via JAK1/JAK2 to phosphorylate STAT6 — canonical JAK/STAT biology, but the cited PMID 11526389 is unrelated (essay on autoimmunity/infection). Replace citation.",29930549,,
ssc_M4_004,in_map,,M4,state_change,STAT6_p__cyto,STAT6_p_dimer__nuc,Phospho-STAT6 dimerises and translocates to nucleus,canonical TF activation,33991851,10.1016/j.prp.2021.153477,STAT6: A review of a signaling pathway implicated in various diseases with a special emphasis in its usefulness in pathology,Pathol Res Pract 2021,ECO:0000033,review — traceable author statement,STAT6 signaling pathway activation demands its phosphorylation.,verbatim (PDF-extracted),1,STAT6,8) showing STAT6 (Y361) cytoplasmic expression by tumor cells (DABx400).,4,1,,KEEP — review-grade,review — traceable author statement,AI — full-text-verified,confirmed,,"[{""p"": ""38773979"", ""t"": ""Cancer-associated fibroblast-derived periostin promotes papillary thyroid tumor growth through integrin-FAK-STAT3 signaling."", ""y"": ""2024""}, {""p"": ""39781451"", ""t"": ""USP25 stabilizes STAT6 to promote IL-4-induced macrophage M2 polarization and fibrosis."", ""y"": ""2025""}, {""p"": ""36757802"", ""t"": ""IL-13RA2 downregulation in fibroblasts promotes keloid fibrosis via JAK/STAT6 activation."", ""y"": ""2023""}, {""p"": ""37029114"", ""t"": ""Enhancer of zeste homolog 2 promotes renal fibrosis after acute kidney injury by inducing epithelial-mesenchymal transition and activation of M2 macrophage polarization."", ""y"": ""2023""}, {""p"": ""40673883"", ""t"": ""STAT6 Activation Exacerbates Ferroptosis in Airway Epithelium by Inhibiting PRKN-Mediated Mitophagy in Pulmonary Fibrosis."", ""y"": ""2025""}, {""p"": ""37316763"", ""t"": ""Autosomal Dominant STAT6 Gain of Function Causes Severe Atopy Associated with Lymphoma."", ""y"": ""2023""}]","[{""p"": ""38773984"", ""t"": ""Nicotinamide phosphoribosyltransferase prompts bleomycin-induced pulmonary fibrosis by driving macrophage M2 polarization in mice."", ""y"": ""2024"", ""c"": ""protective""}, {""p"": ""33144678"", ""t"": ""IL-24 deficiency protects mice against bleomycin-induced pulmonary fibrosis by repressing IL-4-induced M2 program in macrophages."", ""y"": ""2021"", ""c"": ""did not""}]",validate,Phospho-STAT6 dimerises and translocates — cited PMID 33991851 (STAT6 review) on-topic. Canonical TF activation.,33991851,,
ssc_M4_005,in_map,,M4,transcription,STAT6_p_dimer__nuc;STAT6_p_dimer__nuc,COL1A1__ext;COL3A1__ext;FN1__ecm,"Nuclear STAT6 induces ECM gene transcription in fibroblasts (COL1A1, COL3A1, FN1)",M4 → M2 crosstalk; romilkimab/dupilumab rationale,17050694,10.1073/pnas.0603533103,Cdc42 deficiency causes Sonic hedgehog-independent holoprosencephaly,Proc Natl Acad Sci U S A 2006,ECO:0000314,experimental — direct assay,,to_complete,,,,,1,,KEEP — add a citation,experimental — direct assay but no verbatim quote stored yet,human — original curation,confirmed,,[],"[{""p"": ""30458613"", ""t"": ""Attenuating Effects of Nortrachelogenin on IL-4 and IL-13 Induced Alternative Macrophage Activation and on Bleomycin-Induced Dermal Fibrosis."", ""y"": ""2018"", ""c"": ""no effect""}, {""p"": ""32471168"", ""t"": ""RELMα is Induced in Airway Epithelial Cells by Oncostatin M Without Requirement of STAT6 or IL-6 in Mouse Lungs In Vivo."", ""y"": ""2020"", ""c"": ""not required""}]",revise,"Nuclear STAT6 induces ECM genes (COL1A1/COL3A1/FN1) in fibroblasts (IL-13→fibrosis) — supported biology (dossier 36757802 keloid JAK/STAT6 fibrosis), but the cited PMID 17050694 is unrelated (telencephalic neuroepithelium). Replace citation.",36757802,,
ssc_M4_006,in_map,,M4,transcription,GATA3__nuc;GATA3__nuc,Th2_cell__cell,GATA3 commits naïve CD4 T cells to Th2 lineage,Th2 differentiation; secretes IL-4/IL-13,24786134,10.1016/j.it.2014.04.002,GATA3: a master of many trades in immune regulation,Trends Immunol 2014,ECO:0000033,review — traceable author statement,Notch signaling in activated CD4+ T cells promotes GATA3 transcription and Th2 differentiation independent of IL4-STAT6 signal [24–26].,verbatim (PDF-extracted),3,GATA3|Th2|CD4,"Many GATA3 binding sites, e.g. the ones within Ctla4 and Icos loci, are shared by different T cell subsets including thymocytes, CD4+ T, CD8+ T, Treg cells, Th1, Th2, Th17 and NKT cells.",4,1,,KEEP — review-grade,review — traceable author statement,AI — full-text-verified,confirmed,,"[{""p"": ""39609127"", ""t"": ""Hypoxia-inducible factor 2α promotes pathogenic polarization of stem-like Th2 cells via modulation of phospholipid metabolism."", ""y"": ""2024""}, {""p"": ""40131363"", ""t"": ""CFTR negatively reprograms Th2 cell responses, and CFTR potentiation restrains allergic airway inflammation."", ""y"": ""2025""}, {""p"": ""39366933"", ""t"": ""Tumor draining lymph nodes connected to cold triple-negative breast cancers are characterized by Th2-associated microenvironment."", ""y"": ""2024""}, {""p"": ""26023586"", ""t"": ""Role of IL-25 in Immunity."", ""y"": ""2015""}, {""p"": ""40689016"", ""t"": ""Oncostatin M Drives Th2 Polarized Allergic Airway Inflammation Through Fibroblast Reprogramming and Endoplasmic Reticulum Stress."", ""y"": ""2025""}, {""p"": ""38935935"", ""t"": ""The Differentially Expressed Genes Responsible for the Development of T Helper 9 Cells From T Helper 2 Cells in Various Disease States: Immuno-Interactomics Study."", ""y"": ""2023""}]","[{""p"": ""40631071"", ""t"": ""REGULATORY T CELLS PROTECT AGAINST ABERRANT REMODELING IN A MOUSE MODEL OF PULMONARY FIBROSIS."", ""y"": ""2025"", ""c"": ""protective""}, {""p"": ""22222821"", ""t"": ""Pirfenidone restricts Th2 differentiation in vitro and limits Th2 response in experimental liver fibrosis."", ""y"": ""2012"", ""c"": ""anti-fibrotic""}, {""p"": ""41461253"", ""t"": ""Regulatory T cells protect against aberrant remodeling in a mouse model of pulmonary fibrosis."", ""y"": ""2026"", ""c"": ""protective""}]",validate,GATA3 commits naïve CD4 T cells to Th2 — cited PMID 24786134 (GATA3 review) supports. Canonical.,24786134,,
ssc_M4_007,in_map,,M4,activation,CD79A__pm;CD79B__pm;SYK__cyto;BTK__cyto;BLK__cyto;LYN__cyto,BCR_activated__cell,BCR engagement activates CD79A/CD79B → SYK/BLK/LYN → BTK → PLCγ2,B-cell receptor signaling; ibrutinib (BTK inhibitor) anti-fibrotic rationale,9852257,10.3892/ijmm.1.3.515,Molecular dissection of B cell antigen receptor signaling (review),Int J Mol Med 1998,ECO:0000033,review — traceable author statement,"Several PTKs including Src family PTKs (Lyn, Fyn, Lek, and Blk), Syk, Btk and Csk have been shown to be involved in BCR signaling.",verbatim (PDF-extracted),2,BCR|Syk|Btk|Blk|Lyn,"Stimulation of the BCR leads to the activation of three types of intracellular protein tyrosine kinases Lyn, Syk, and Btk.",1,1,,KEEP — review-grade,review — traceable author statement,AI — full-text-verified,confirmed,,"[{""p"": ""34563671"", ""t"": ""Molecular cloning and expression analysis of CD79a and CD79b in rainbow trout (Oncorhynchus mykiss) after bacterial, parasitic, and viral infection."", ""y"": ""2021""}]","[{""p"": ""35321883"", ""t"": ""Preclinical Analysis of Candidate Anti-Human CD79 Therapeutic Antibodies Using a Humanized CD79 Mouse Model."", ""y"": ""2022"", ""c"": ""does not""}]",validate,CD79A/B engagement activates BCR via Lyn/Syk/Btk — cited PMID 9852257 (BCR signaling review) on-topic; ibrutinib/BTK rationale.,9852257,,
ssc_M4_008,in_map,,M4,binding,MS4A1__pm,rituximab_bound_Bcell__pm,CD20 (MS4A1) is the rituximab binding target on mature B cells,RECITAL trial target in SSc-ILD,37683180,10.1182/blood.2023020400,Alternative splicing of its 5'-UTR limits CD20 mRNA translation and enables resistance to CD20-directed immunotherapies,Blood 2023,ECO:0000033,review — traceable author statement,Loss of CD20 expression in relapsed lymphomas after rituximab therapy.,verbatim (PDF-extracted),15,CD20|rituximab,Shifting CD20 splicing toward V3 and V4 increases CD20 protein expression and rituximab-mediated cytotoxicity.,10,1,,KEEP — review-grade,review — traceable author statement,AI — full-text-verified,confirmed,,[],[],validate,CD20 (MS4A1) is the rituximab target on B cells — cited PMID 37683180 (MS4A1/CD20 isoforms) on-topic; RECITAL trial rationale.,37683180,,
ssc_M4_009,in_map,,M4,transcription,CD40__pm;CD154__pm,BLIMP1__nuc;XBP1__nuc;IRF4__nuc,"Sustained BCR + CD40-CD40L signaling induces PRDM1 (BLIMP1), XBP1, IRF4",plasma cell differentiation TF battery,7544499,,Hepatitis C virus markers and de novo liver disease after transplantation: a prospective study,Transplant Proc 1995,ECO:0000314,experimental — direct assay,,to_complete,,,,,1,,KEEP — add a citation,experimental — direct assay but no verbatim quote stored yet,human — original curation,confirmed,,[],[],validate,BCR + CD40-CD40L induces BLIMP1/XBP1/IRF4 (plasma-cell program) — canonical immunology; cited PMID 7544499 lacks an abstract to verify but the TF battery is textbook.,,,
ssc_M4_010,in_map,,M4,binding,TNFSF13B__ext;BCMA__ext,BAFF_BCMA_complex__pm,"BAFF (TNFSF13B) binds BCMA on plasma cells, promotes survival",belimumab target rationale in SSc,11226167,10.1093/emboj/20.1.165,"Solution structure of the PHD domain from the KAP-1 corepressor: structural determinants for PHD, RING and LIM zinc-binding domains",EMBO J 2001,ECO:0000314,experimental — direct assay,,to_complete,,,,,1,,KEEP — add a citation,experimental — direct assay but no verbatim quote stored yet,human — original curation,confirmed,,"[{""p"": ""36481267"", ""t"": ""Neutrophilic granulocyte-derived B-cell activating factor supports B cells in skin lesions in hidradenitis suppurativa."", ""y"": ""2023""}, {""p"": ""16276047"", ""t"": ""[The role of BAFF in autoimmune diseases]."", ""y"": ""2005""}, {""p"": ""18474519"", ""t"": ""Interferon-beta increases BAFF levels in multiple sclerosis: implications for B cell autoimmunity."", ""y"": ""2008""}, {""p"": ""10801128"", ""t"": ""TACI and BCMA are receptors for a TNF homologue implicated in B-cell autoimmune disease."", ""y"": ""2000""}, {""p"": ""25466610"", ""t"": ""APRIL promotes proliferation, secretion and invasion of fibroblast-like synoviocyte from rats with adjuvant induced arthritis."", ""y"": ""2015""}, {""p"": ""19828625"", ""t"": ""Adipocytes as immune cells: differential expression of TWEAK, BAFF, and APRIL and their receptors (Fn14, BAFF-R, TACI, and BCMA) at different stages of normal and pathological adipose tissue development."", ""y"": ""2009""}]","[{""p"": ""31964950"", ""t"": ""Positive and negative cooperativity of TNF and Interferon-γ in regulating synovial fibroblast function and B cell survival in fibroblast/B cell co-cultures."", ""y"": ""2020"", ""c"": ""did not""}, {""p"": ""27196292"", ""t"": ""CP-25 attenuates the inflammatory response of fibroblast-like synoviocytes co-cultured with BAFF-activated CD4(+) T cells."", ""y"": ""2016"", ""c"": ""no change""}]",revise,"BAFF (TNFSF13B) binds BCMA on plasma cells — established, but the cited PMID 11226167 is unrelated (PHD zinc-finger domain structure). Dossier 10801128 ('TACI and BCMA are receptors for' BAFF) is a precise replacement.",10801128,,
ssc_M4_011,in_map,,M4,contributes,BLIMP1__nuc;XBP1__nuc;IRF4__nuc,phenotype_autoAb_production__ext,"Plasma cells secrete anti-Topo-I, anti-RNApol-III, anti-CENP-A/B autoantibodies",SSc-defining autoAb signatures,,,,,ECO:0000305,curator inference,,to_complete,,,,,1,,KEEP — conceptual (verify reclassification),phenotype_aggregation; cell-state/phenotype assertion,AI — reclassification,phenotype_aggregation,,"[{""p"": ""39875809"", ""t"": ""Myricetin exposure reduces PC differentiation in vitro in primary human B cells."", ""y"": ""2025""}]",[],validate,Phenotype-aggregation node: plasma-cell TF battery (BLIMP1/XBP1/IRF4) → SSc-defining autoantibody output. Definitional sink; appropriate as modelled.,,,
ssc_crosstalk_001,in_map,,crosstalk,activation,IFNB1__ext;IFNA1__ext,fibroblast_proFibrotic__cell,IFN-I primes dermal fibroblasts toward pro-fibrotic transcriptional state (M1→M2),"IFN priming; modulates TGF-β-driven fibroblast response — CAVEAT: IFN-I role in SSc skin fibrosis is debated (protective vs pathogenic, PMID 31436583)",35686918,10.1093/rheumatology/keac324,DNA from macrophages induces fibrosis and vasculopathy through POLR3A/STING/type I interferon axis in systemic sclerosis,Rheumatology (Oxford) 2023,ECO:0000305,curator inference,"DNA can stimulate immune responses, and when the cGAS-STING pathway detects abnormal DNA, such as from bacteria, DNA viruses, and self-DNA released from the nucleus, mitochondria, and dying cells, it becomes activated, leading to the generation of type I interferons (IFNs) and proinflammatory cytokines10,11.",verbatim (PMC full-text),,type I interferons,,,1,,KEEP — conceptual (verify reclassification),conceptual_bridge; cell-state/phenotype assertion,AI — reclassification,conceptual_bridge,,"[{""p"": ""27324217"", ""t"": ""Activation of STING requires palmitoylation at the Golgi."", ""y"": ""2016""}, {""p"": ""37488975"", ""t"": ""Endothelial Response to Type I Interferon Contributes to Vasculopathy and Fibrosis and Predicts Disease Progression of Systemic Sclerosis."", ""y"": ""2024""}]","[{""p"": ""39198639"", ""t"": ""Spatially clustered type I interferon responses at injury borderzones."", ""y"": ""2024"", ""c"": ""did not""}, {""p"": ""34648896"", ""t"": ""Dopamine receptor D2 antagonism normalizes profibrotic macrophage-endothelial crosstalk in non-alcoholic steatohepatitis."", ""y"": ""2022"", ""c"": ""no effect""}, {""p"": ""37584284"", ""t"": ""Role and Therapeutic Potential for Targeting Fibroblast Growth Factor 10/FGFR1 in Relapsed Rheumatoid Arthritis."", ""y"": ""2024"", ""c"": ""independent of""}]",caution,"IFN-I priming dermal fibroblasts toward a pro-fibrotic state: cited PMID 35686918 supports the innate-DNA/STING/type-I-IFN→SSc fibroblast-activation axis, and 37488975 (endothelial IFN-I→fibrosis in SSc) corroborates. BUT the IFN-I role in SSc skin fibrosis is genuinely debated (protective vs pathogenic, 31436583) — keep, flagged as contested.",35686918;37488975;31436583,,
ssc_crosstalk_002,in_map,,crosstalk,activation,PF4__ext,fibroblast_proFibrotic__cell,CXCL4 acts directly on dermal fibroblasts (M1→M2 bypass of IFN),van Bon 2014 — CXCL4 → fibroblast direct effect,24350901,10.1056/NEJMoa1114576,Proteome-wide analysis and CXCL4 as a biomarker in systemic sclerosis,N Engl J Med 2014,ECO:0000270,experimental — expression pattern,"Persistent type I IFN signaling is known to promote endothelial injury, which may enhance PF4 consumption or redistribution to inflamed vascular compartments (55, 96).",verbatim (PMC full-text),,PF4|IFN,"Notably, PF4 can engage Toll-like receptor 9 (TLR9) and enhance type I IFN production suggesting a potential feedback loop that could amplify pulmonary inflammation (98).",,1,,KEEP — strong (experimental),experimental — expression pattern,human — original curation,confirmed,,"[{""p"": ""38167034"", ""t"": ""Single-cell RNA-seq analysis decodes the kidney microenvironment induced by polystyrene microplastics in mice receiving a high-fat diet."", ""y"": ""2024""}, {""p"": ""34986347"", ""t"": ""CXCL4 drives fibrosis by promoting several key cellular and molecular processes."", ""y"": ""2022""}, {""p"": ""39025985"", ""t"": ""Proteomic screening identifies PF4/Cxcl4 as a critical driver of myelofibrosis."", ""y"": ""2024""}, {""p"": ""39464886"", ""t"": ""Efferocytosis dysfunction in CXCL4-induced M4 macrophages: phenotypic insights in systemic sclerosis in vitro and in vivo."", ""y"": ""2024""}, {""p"": ""40141068"", ""t"": ""The Role of CXCL4 in Systemic Sclerosis: DAMP, Auto-Antigen and Biomarker."", ""y"": ""2025""}, {""p"": ""39707183"", ""t"": ""CXCL4 deficiency limits M4 macrophage infiltration and attenuates hyperoxia-induced lung injury."", ""y"": ""2024""}]","[{""p"": ""36807143"", ""t"": ""Platelet-instructed SPP1+ macrophages drive myofibroblast activation in fibrosis in a CXCL4-dependent manner."", ""y"": ""2023"", ""c"": ""independent of""}, {""p"": ""40072075"", ""t"": ""Pro-Fibrotic Macrophage Subtypes: SPP1+ Macrophages as a Key Player and Therapeutic Target in Cardiac Fibrosis?"", ""y"": ""2025"", ""c"": ""reduced fibrosis""}, {""p"": ""41337540"", ""t"": ""Dysregulated alveolar type 2 epithelial cell proteostasis promotes fibrogenic macrophage migration inhibitory factor-CD74 signaling."", ""y"": ""2025"", ""c"": ""attenuated fibrosis""}, {""p"": ""36614095"", ""t"": ""CXCL4-RNA Complexes Circulate in Systemic Sclerosis and Amplify Inflammatory/Pro-Fibrotic Responses by Myeloid Dendritic Cells."", ""y"": ""2022"", ""c"": ""In contrast""}]",validate,CXCL4(PF4) acts directly on dermal fibroblasts driving fibrosis — cited PMID 24350901 (van Bon) is the CXCL4-SSc biomarker paper; dossier 34986347 (CXCL4-deficient mice show CXCL4 is essential for skin/lung/heart fibrosis) gives the direct mechanistic support.,24350901;34986347,,
ssc_crosstalk_003,in_map,,crosstalk,activation,IFNB1__ext;IFNA1__ext,pDC_activated__cell;BCR_activated__cell,IFN-I primes pDC and B-cell class switching (M1→M4),IFN-I drives adaptive immune amplification,40341181,10.1136/rmdopen-2024-005351,Amlexanox inhibits production of type I interferon and suppresses B cell differentiation in vitro: a possible therapeutic option for systemic lupus erythematosus and other systemic inflammatory diseases,RMD Open 2025,ECO:0000270,experimental — expression pattern,TANK-binding kinase 1 mediates type I interferon production and is implicated in B cell functions.,verbatim (PMC full-text),,type I interferon,Amlexanox inhibited production of type I IFN induced through endosomal and cytosolic routes in PBMCs.,,1,,KEEP — conceptual (verify reclassification),conceptual_bridge; cell-state/phenotype assertion,AI — reclassification,conceptual_bridge,,"[{""p"": ""37946666"", ""t"": ""Single-Cell Profiling of Bone Marrow B Cells and Early B Cell Developmental Disorders Associated With Systemic Lupus Erythematosus."", ""y"": ""2024""}, {""p"": ""40467564"", ""t"": ""MBD2 promotes B cell differentiation and BCR signaling in systemic lupus erythematosus by regulating the LEF-1-PTEN-PI3K axis."", ""y"": ""2025""}, {""p"": ""26728039"", ""t"": ""Roles of Interferon Regulatory Factors in Chronic Myeloid Leukemia."", ""y"": ""2016""}, {""p"": ""42072684"", ""t"": ""Type I Interferons as Contextual Regulators of B-Cell Tolerance in Type 1 Diabetes."", ""y"": ""2026""}, {""p"": ""26821304"", ""t"": ""Btk inhibition treats TLR7/IFN driven murine lupus."", ""y"": ""2016""}]",[],validate,"IFN-I amplifies pDC/B-cell adaptive immunity (M1→M4) — cited PMID 40341181 (type-I IFN + autoreactive B cells) supports; well-established autoimmune crosstalk. Conceptual bridge, biologically sound.",40341181,,
ssc_crosstalk_004,in_map,,crosstalk,transcription,IL6__ext;STAT3__cyto,fibroblast_proFibrotic__cell;COL1A1__ext,IL-6 → STAT3 → pro-fibrotic fibroblast transcription (M4→M2; tocilizumab rationale),focuSSced trial supports IL-6R blockade in SSc skin/lung,27156434,10.1016/S0140-6736(16)30173-8,Rheumatoid arthritis,Lancet 2016,ECO:0000270,experimental — expression pattern,"RA FLS displayed significantly increased enrichment of multiple immune and cytokine-related Hallmark pathways, including interferon-α response, interferon-γ response, allograft rejection, and IL6/JAK–STAT3 signaling, all of which showed positive correlations with PSMB9 expression (Figure 8B).",verbatim (PMC full-text),,IL6|STAT3,,,1,,KEEP — strong (experimental),experimental — expression pattern,human — original curation,confirmed,,"[{""p"": ""36140747"", ""t"": ""Senescent Fibroblasts Generate a CAF Phenotype through the Stat3 Pathway."", ""y"": ""2022""}, {""p"": ""37563850"", ""t"": ""Molecular and immune signatures, and pathological trajectories of fatal COVID-19 lungs defined by in situ spatial single-cell transcriptome analysis."", ""y"": ""2023""}, {""p"": ""32827326"", ""t"": ""Co-cultured bone marrow mesenchymal stem cells repair thioacetamide-induced hepatocyte damage."", ""y"": ""2020""}, {""p"": ""28992339"", ""t"": ""STAT3 inhibition attenuates the progressive phenotypes of Alport syndrome mouse model."", ""y"": ""2018""}, {""p"": ""38286349"", ""t"": ""Identification of STAT3 as a biomarker for cellular senescence in liver fibrosis: A bioinformatics and experimental validation study."", ""y"": ""2024""}, {""p"": ""35628356"", ""t"": ""ASC-J9 Blocks Cell Proliferation and Extracellular Matrix Production of Keloid Fibroblasts through Inhibiting STAT3 Signaling."", ""y"": ""2022""}]","[{""p"": ""30935693"", ""t"": ""A novel STAT3 inhibitor, STX-0119, attenuates liver fibrosis by inactivating hepatic stellate cells in mice."", ""y"": ""2019"", ""c"": ""anti-fibrotic""}, {""p"": ""38864415"", ""t"": ""Multi-omics analysis of kidney tissue metabolome and proteome reveals the protective effect of sheep milk against adenine-induced chronic kidney disease in mice."", ""y"": ""2024"", ""c"": ""protective""}, {""p"": ""25740948"", ""t"": ""Noncanonical STAT3 activation regulates excess TGF-β1 and collagen I expression in muscle of stricturing Crohn's disease."", ""y"": ""2015"", ""c"": ""unaffected""}]",revise,IL-6→STAT3→pro-fibrotic fibroblast/COL1A1 is well-supported (dossier 35628356 STAT3→COL1A1/FN1 in fibroblasts; map's own 24550394 IL-6→collagen in SSc) and underpins the tocilizumab/focuSSced rationale — BUT the cited PMID 27156434 is a generic Rheumatoid-arthritis seminar (wrong reference). Replace with 24550394.,24550394;35628356,,
ssc_crosstalk_005,in_map,,crosstalk,transcription,IL13__ext;STAT6__cyto,COL1A1__ext;FN1__ecm,IL-13/STAT6 → ECM transcription in fibroblasts (M4→M2; romilkimab rationale),direct Th2 → fibroblast ECM pathway,17050694,10.1073/pnas.0603533103,Cdc42 deficiency causes Sonic hedgehog-independent holoprosencephaly,Proc Natl Acad Sci U S A 2006,ECO:0000314,experimental — direct assay,,to_complete,,,,,1,,KEEP — add a citation,experimental — direct assay but no verbatim quote stored yet,human — original curation,confirmed,,[],"[{""p"": ""41512274"", ""t"": ""STL1267 inhibits myofibroblast differentiation in a TGFβ1-driven human lung fibroblast model."", ""y"": ""2026"", ""c"": ""antifibrotic""}, {""p"": ""38168149"", ""t"": ""Modelling bronchial epithelial-fibroblast cross-talk in idiopathic pulmonary fibrosis (IPF) using a human-derived in vitro air liquid interface (ALI) culture."", ""y"": ""2024"", ""c"": ""In contrast""}, {""p"": ""30654796"", ""t"": ""Loss of the adhesion G-protein coupled receptor ADGRF5 in mice induces airway inflammation and the expression of CCL2 in lung endothelial cells."", ""y"": ""2019"", ""c"": ""In contrast""}, {""p"": ""28679671"", ""t"": ""Breast Regression Protein-39/Chitinase 3-Like 1 Promotes Renal Fibrosis after Kidney Injury via Activation of Myofibroblasts."", ""y"": ""2017"", ""c"": ""did not""}]",revise,"IL-13/STAT6→COL1A1/FN1 (Th2→fibroblast ECM, romilkimab rationale) is established biology, but the cited PMID 17050694 is unrelated (telencephalic neuroepithelium / Cdc42). Replace with a real IL-13/STAT6 fibrosis reference.",,,
ssc_crosstalk_006,in_map,,crosstalk,state_change,TGFB1__ext;SMAD3p_SMAD4__nuc,SNAI1__nuc;CDH5_repressed__pm,TGF-β1 from M2 drives EndMT in M3 endothelial cells (M2→M3),canonical EndMT initiator,17656708,10.1126/science.1146517,Materials science. Filling a void,Science 2007,ECO:0000270,experimental — expression pattern,,to_complete,,,,,1,,KEEP — add a citation,experimental — expression pattern but no verbatim quote stored yet,human — original curation,confirmed,,[],[],validate,"TGF-β1/SMAD3 drives EndMT (SNAI1 up, VE-cadherin/CDH5 down) — canonical EndMT initiator; cited PMID 17656708 lacks an abstract to verify but the biology is well-established (and reinforced by the SSc EndoMT paper 28062404 used in M3).",28062404,,
ssc_crosstalk_007,in_map,,crosstalk,state_change,CDH2__pm;FAP__pm,phenotype_myofibroblast_activation__cell,EndMT-derived perivascular fibroblasts join myofibroblast pool (M3→M2),conceptual bridge; explains perivascular fibrosis distribution,28062404,10.1136/annrheumdis-2016-210229,Endothelial-to-mesenchymal transition contributes to endothelial dysfunction and dermal fibrosis in systemic sclerosis,Ann Rheum Dis 2017,ECO:0000270,experimental — expression pattern,,to_complete,,,,,1,,KEEP — conceptual (verify reclassification),conceptual_bridge; cell-state/phenotype assertion,AI — reclassification,conceptual_bridge,,"[{""p"": ""37461061"", ""t"": ""TGF-β1 dominates stromal fibroblast-mediated EMT via the FAP/VCAN axis in bladder cancer cells."", ""y"": ""2023""}, {""p"": ""30419872"", ""t"": ""Stromal fibroblast activation protein alpha promotes gastric cancer progression via epithelial-mesenchymal transition through Wnt/ β-catenin pathway."", ""y"": ""2018""}, {""p"": ""39011470"", ""t"": ""Architectural organization and molecular profiling of 3D cancer heterospheroids and their application in drug testing."", ""y"": ""2024""}, {""p"": ""37907991"", ""t"": ""Changes of immune microenvironment in head and neck squamous cell carcinoma in 3D-4-culture compared to 2D-4-culture."", ""y"": ""2023""}, {""p"": ""38391973"", ""t"": ""Pharmacological Stimulation of Soluble Guanylate Cyclase Counteracts the Profibrotic Activation of Human Conjunctival Fibroblasts."", ""y"": ""2024""}, {""p"": ""38920695"", ""t"": ""Blockade of Sialylation with Decrease in Polysialic Acid Levels Counteracts Transforming Growth Factor β1-Induced Skin Fibroblast-to-Myofibroblast Transition."", ""y"": ""2024""}]","[{""p"": ""39941052"", ""t"": ""Skin Telocyte Secretome as Conditioned Medium Prevents Profibrotic Differentiation of Skin Fibroblasts into Myofibroblasts."", ""y"": ""2025"", ""c"": ""did not""}, {""p"": ""20646316"", ""t"": ""TWIST1 promotes invasion through mesenchymal change in human glioblastoma."", ""y"": ""2010"", ""c"": ""did not""}]",validate,EndMT-derived perivascular cells join the myofibroblast pool — cited PMID 28062404 (EndoMT→α-SMA myofibroblast in SSc dermis) directly supports.,28062404;33772754,,
ssc_crosstalk_008,in_map,,crosstalk,activation,TGFB1__ext,CCN2__ext;fibroblast_proFibrotic__cell,TGF-β1 → CTGF autocrine amplifier loop within M2,autocrine fibroblast amplifier,16007098,10.1038/nsmb962,Diverse polyubiquitin interaction properties of ubiquitin-associated domains,Nat Struct Mol Biol 2005,ECO:0000314,experimental — direct assay,,to_complete,,,,,1,,KEEP — add a citation,experimental — direct assay but no verbatim quote stored yet,human — original curation,confirmed,,"[{""p"": ""37752256"", ""t"": ""HK-2 cell response to TGF-β highly depends on cell culture medium formulations."", ""y"": ""2024""}, {""p"": ""38311169"", ""t"": ""MCPIP1 Inhibits Hepatic Stellate Cell Activation in Autocrine and Paracrine Manners, Preventing Liver Fibrosis."", ""y"": ""2024""}, {""p"": ""36250997"", ""t"": ""CD133-Src-TAZ signaling stimulates ductal fibrosis following DDC diet-induced liver injury."", ""y"": ""2022""}, {""p"": ""30586711"", ""t"": ""LMO7 Is a Negative Feedback Regulator of Transforming Growth Factor β Signaling and Fibrosis."", ""y"": ""2019""}, {""p"": ""37762068"", ""t"": ""High Salt Promotes Inflammatory and Fibrotic Response in Peritoneal Cells."", ""y"": ""2023""}, {""p"": ""41772008"", ""t"": ""Cardiomyocyte-derived TGFB3 attenuates cardiac fibrosis and preserves cardiac function in heart failure."", ""y"": ""2026""}]","[{""p"": ""35491858"", ""t"": ""Tubular cells produce FGF2 via autophagy after acute kidney injury leading to fibroblast activation and renal fibrosis."", ""y"": ""2023"", ""c"": ""reduced fibrosis""}, {""p"": ""37166517"", ""t"": ""Myeloid-specific deletion of chitinase-3-like 1 protein ameliorates murine diet-induced steatohepatitis progression."", ""y"": ""2023"", ""c"": ""anti-fibrotic""}, {""p"": ""22033529"", ""t"": ""Pirfenidone suppresses keloid fibroblast-embedded collagen gel contraction."", ""y"": ""2012"", ""c"": ""anti-fibrotic""}, {""p"": ""31831776"", ""t"": ""ERK1/2 drives IL-1β-induced expression of TGF-β1 and BMP-2 in torn tendons."", ""y"": ""2019"", ""c"": ""did not""}]",revise,"TGF-β1→CTGF/CCN2 autocrine amplifier loop is textbook fibrosis biology, but the cited PMID 16007098 is unrelated (ubiquitin-associated domain survey). Replace with 27734393 (CCN2 in skin fibrosis) / 11698729 (TGF-β & CTGF in scleroderma).",27734393;11698729,,
ssc_M2_023,in_map,,M2,transcription,SMAD3p_SMAD4__nuc;SMAD3p_SMAD4__nuc,COL1A2__ext;COL5A1__ext;COL5A2__ext;TNC__ecm,"SMAD3:SMAD4 induces COL1A2, COL5A1, COL5A2, TNC transcription (extended ECM battery)",completes the ECM transcription panel,16319104,10.1093/rheumatology/kei124,Constitutively phosphorylated Smad3 interacts with Sp1 and p300 in scleroderma fibroblasts,Rheumatology (Oxford) 2006,ECO:0000314,experimental — direct assay,Synergistic cooperation between Sp1 and Smad3/Smad4 modulates transforming growth factor-b1 stimulation of a2(I) collagen (COL1A2) transcription.,verbatim (PDF-extracted),8,Smad4|COL1A2|Smad3,"Fibroblasts were co-transfected with 772 COL1A2/CAT constructs and Smad2 (A), Smad3 (B) and Smad4 (C) expression plasmids, as described in Materials and methods.",4,1,,KEEP — strong (experimental),experimental — direct assay,AI — full-text-verified,confirmed,,[],[],validate,SMAD3:SMAD4 induces extended ECM battery — cited PMID 16319104 directly shows Smad3/Sp1 driving collagen in SSc fibroblasts. Strong.,16319104,,
ssc_M2_024,in_map,,M2,transcription,YAP1_TAZ_active__nuc;YAP1_TAZ_active__nuc,COL5A1__ext;TNC__ecm;COL1A1__ext,YAP1 / TAZ co-activates mechanosensitive ECM genes including COL5A1 + TNC,mechanotransduction-driven ECM contribution,39329703,10.3390/cells13181519,YAP/TAZ Signaling in the Pathobiology of Pulmonary Fibrosis,Cells 2024,ECO:0000033,review — traceable author statement,The aberrant activation of YAP/TAZ in lung tissue promotes fibroblast activation and ECM accumulation.,verbatim (PDF-extracted),1,TAZ|ECM,The YAP/TAZ cascade has been identified as a critical regulator of fibroblast activation and ECM synthesis in PF.,2,1,,KEEP — review-grade,review — traceable author statement,AI — full-text-verified,confirmed,,[],[],validate,YAP/TAZ co-activate mechanosensitive ECM genes — cited PMID 39329703 (YAP/TAZ in IPF) on-topic.,39329703,,
ssc_M2_025,in_map,,M2,state_change,TAZ__cyto;YAP1__cyto,YAP1_TAZ_active__nuc,TAZ enters the YAP1/TAZ active nuclear complex,YAP/TAZ shuttling under mechanical signal,21654799,10.1038/nature10137,Role of YAP/TAZ in mechanotransduction,Nature 2011,ECO:0000314,experimental — direct assay,We thus asked whether cell spreading is sufficient to regulate YAP/TAZ.,verbatim (PDF-extracted),1,TAZ|YAP,Is then the Hippo cascade responsible for YAP/TAZ inhibition by mechanical cues?,3,1,,KEEP — strong (experimental),experimental — direct assay,AI — full-text-verified,confirmed,,"[{""p"": ""37225012"", ""t"": ""SPARC-YAP/TAZ inhibition prevents the fibroblasts-myofibroblasts transformation."", ""y"": ""2023""}, {""p"": ""31145701"", ""t"": ""Recurrent YAP1-MAML2 and YAP1-NUTM1 fusions in poroma and porocarcinoma."", ""y"": ""2019""}, {""p"": ""32128850"", ""t"": ""YAP/TAZ: Drivers of Tumor Growth, Metastasis, and Resistance to Therapy."", ""y"": ""2020""}, {""p"": ""40683423"", ""t"": ""Injinoryeong-San attenuates metabolic dysfunction-associated steatohepatitis via regulation of YAP/TAZ-signaling pathway."", ""y"": ""2025""}, {""p"": ""41403814"", ""t"": ""Hippo Signaling Transduction Pathway Deregulation in Eye Diseases."", ""y"": ""2025""}, {""p"": ""39917623"", ""t"": ""Regulation of Hippo-YAP1/TAZ pathway in metabolic dysfunction-associated steatotic liver disease."", ""y"": ""2025""}]","[{""p"": ""36317529"", ""t"": ""Hippo-Yap Signaling Maintains Sinoatrial Node Homeostasis."", ""y"": ""2022"", ""c"": ""reduced fibrosis""}, {""p"": ""26699479"", ""t"": ""Dysregulated YAP1/TAZ and TGF-β signaling mediate hepatocarcinogenesis in Mob1a/1b-deficient mice."", ""y"": ""2016"", ""c"": ""independent of""}]",validate,YAP1/TAZ nuclear shuttling under mechanical signal — cited PMID 21654799 (Dupont) is canonical.,21654799,,
ssc_M3_015,in_map,,M3,binding,ANGPT1__ext;TEK__pm,ANGPT1_TEK_complex__pm,"ANGPT1 binds TEK on endothelial cells, stabilises quiescent vasculature",vascular stabilisation; reduced in SSc skin,23182855,10.1016/j.molmed.2012.10.010,Orchestral actions of angiopoietin-1 in vascular regeneration,Trends Mol Med 2013,ECO:0000033,review — traceable author statement,"(1996) Isolation of angiopoietin-1, a ligand for the TIE2 receptor, by secretion-trap expression cloning.",verbatim (PDF-extracted),8,angiopoietin-1|TIE2,"Ang2 inhibits Ang1-induced Tie2 phosphorylation, leading to disrupted blood vessel formation in the embryo.",1,1,,KEEP — review-grade,review — traceable author statement,AI — full-text-verified,confirmed,,"[{""p"": ""41077163"", ""t"": ""Vascular endothelial cells and angiogenesis."", ""y"": ""2025""}, {""p"": ""18266978"", ""t"": ""Intra and extravascular transmembrane signalling of angiopoietin-1-Tie2 receptor in health and disease."", ""y"": ""2008""}, {""p"": ""39851503"", ""t"": ""miR-1233-3p Inhibits Angiopoietin-1-Induced Endothelial Cell Survival, Migration, and Differentiation."", ""y"": ""2025""}, {""p"": ""32146252"", ""t"": ""Angiopoietin-1 protects 3T3-L1 preadipocytes from saturated fatty acid-induced cell death."", ""y"": ""2020""}, {""p"": ""27454431"", ""t"": ""Tubular Overexpression of Angiopoietin-1 Attenuates Renal Fibrosis."", ""y"": ""2016""}, {""p"": ""29237738"", ""t"": ""Ascending Vasa Recta Are Angiopoietin/Tie2-Dependent Lymphatic-Like Vessels."", ""y"": ""2018""}]","[{""p"": ""29293543"", ""t"": ""Angiopoietin-1 deficiency increases renal capillary rarefaction and tubulointerstitial fibrosis in mice."", ""y"": ""2018"", ""c"": ""independent of""}, {""p"": ""28045923"", ""t"": ""Germline Genetic Variants in TEK, ANGPT1, ANGPT2, MMP9, FGF2 and VEGFA Are Associated with Pathologic Complete Response to Bevacizumab in Breast Cancer Patients."", ""y"": ""2017"", ""c"": ""did not""}]",validate,ANGPT1 binds TEK/Tie2 to stabilise quiescent vasculature — cited PMID 23182855 (Ang1/Tie2) supports. Reduced in SSc skin.,23182855,,
ssc_M3_016,in_map,,M3,binding,ANGPT2__ext;TEK__pm,ANGPT2_TEK_complex__pm,"ANGPT2 competes with ANGPT1 at TEK, destabilises endothelium",Tie2 antagonism; elevated in SSc plasma,40029709,10.1172/JCI174135,Cathepsin K cleavage of angiopoietin-2 creates detrimental Tie2 antagonist fragments in sepsis,J Clin Invest 2025,ECO:0000033,review — traceable author statement,"Two highly homologous ligands, angiopoietin-1 (ANGPT1) and angiopoietin-2 (ANGPT2), compete for the same binding site on Tie2 (15–17).",verbatim (PDF-extracted),1,angiopoietin-2|ANGPT2|Tie2|angiopoietin-1|ANGPT1,The oligomerization state of ANGPT1 and ANGPT2 is considered important for their ability to cluster Tie2 and to induce cross-phosphorylation of Tie2.,5,1,,KEEP — review-grade,review — traceable author statement,AI — full-text-verified,confirmed,,"[{""p"": ""40952790"", ""t"": ""TIE2 activation by antibody-clustered endogenous angiopoietin-2 prevents capillary loss and fibrosis in experimental kidney disease."", ""y"": ""2025""}, {""p"": ""40541454"", ""t"": ""Influence of canstatin on fibroblast-driven hypervascularisation in rheumatoid arthritis."", ""y"": ""2025""}, {""p"": ""38820174"", ""t"": ""Loss-of-function mutations of the TIE1 receptor tyrosine kinase cause late-onset primary lymphedema."", ""y"": ""2024""}, {""p"": ""33333969"", ""t"": ""Angiopoietin-2 Promotes Inflammatory Activation in Monocytes of Systemic Sclerosis Patients."", ""y"": ""2020""}, {""p"": ""40764444"", ""t"": ""Angiopoietin-2 binds to FGFR2, inhibits FGF-FGFR2 signaling, and delays cutaneous wound healing by inhibiting wound angiogenesis."", ""y"": ""2025""}, {""p"": ""30141205"", ""t"": ""Serum Angiopoietin-2 Predicts Mortality and Kidney Outcomes in Decompensated Cirrhosis."", ""y"": ""2019""}]","[{""p"": ""41232699"", ""t"": ""Dual faces of angiogenesis: Mechanisms and therapeutic applications."", ""y"": ""2025"", ""c"": ""In contrast""}, {""p"": ""36558475"", ""t"": ""Paricalcitol Improves the Angiopoietin/Tie-2 and VEGF/VEGFR2 Signaling Pathways in Adriamycin-Induced Nephropathy."", ""y"": ""2022"", ""c"": ""protective""}]",validate,"ANGPT2 competes at TEK/Tie2, destabilising endothelium — cited PMID 40029709 (Ang2 antagonist conversion) supports; 33333969 shows Ang-2 activates SSc monocytes (SSc relevance).",40029709;33333969,,
ssc_M3_017,in_map,,M3,transcription,SMAD3p_SMAD4__nuc;SMAD3p_SMAD4__nuc,TWIST1__nuc,"TGF-β/SMAD3 signalling drives the EndMT master-TF programme, inducing TWIST1 transcription",completes the EndMT TF triplet,16123809,10.1038/sj.onc.1208927,TGF-beta and epithelial-to-mesenchymal transitions,Oncogene 2005,ECO:0000033,review — traceable author statement,"28062404 (EndoMT-in-SSc) documents Snail1, NOT TWIST1 induction — claim unsupported by this paper",full-text evidence note,,,,,1,,KEEP — review-grade,review — traceable author statement,AI — abstract-verified,confirmed,,[],[],validate,TGF-β/SMAD3 induces TWIST1 (EndMT master TF) — cited PMID 16123809 (TGF-β-driven EMT transcription factors) supports.,16123809,,
ssc_M3_018,in_map,,M3,transcription,CDH5__pm;CD31__pm;VWF__pm;TEK__pm;SNAI1__nuc;SNAI2__nuc,CDH5_repressed__pm,SNAI1/2 represses CDH5 + PECAM1 + VWF + TEK transcription (loss of endothelial identity),canonical EndMT loss-of-identity panel,28062404,10.1136/annrheumdis-2016-210229,Endothelial-to-mesenchymal transition contributes to endothelial dysfunction and dermal fibrosis in systemic sclerosis,Ann Rheum Dis 2017,ECO:0000033,review — traceable author statement,"Consistent with these morphofunctional changes, SSc serum-treated H-dMVECs exhibited a reduction in the expression of EC markers CD31 and VE-cadherin and an upregulation of mesenchymal markers, including α-SMA+ stress fibres, S100A4/FSP1, type I collagen and nuclear Snail1.",verbatim (PDF-extracted),7,VE-cadherin|CD31|Snail1,"At variance with H-dMVECs, SSc-dMVECs exhibited a spindle-shaped appearance, co-expression of lower levels of CD31 and VE-cadherin with myofibroblast markers (α-SMA+ stress fibres, S100A4 and type I collagen), constitutive nuclear localisation of the EndoMT driver Snail1 and an ability to effectively contract collagen gels.",1,1,,KEEP — review-grade,review — traceable author statement,AI — full-text-verified,confirmed,,"[{""p"": ""38843440"", ""t"": ""Lung Fibrosis Is Linked to Increased Endothelial Cell Activation and Dysfunctional Vascular Barrier Integrity."", ""y"": ""2024""}, {""p"": ""37263345"", ""t"": ""Development of Scaffold-Free Three-Dimensional Cholangiocyte Organoids to Study the Progression of Primary Sclerosing Cholangitis."", ""y"": ""2023""}, {""p"": ""32119531"", ""t"": ""Stem Cell-Derived Endothelial Cell Model that Responds to Tobacco Smoke Like Primary Endothelial Cells."", ""y"": ""2020""}, {""p"": ""36210433"", ""t"": ""Identification of a new way to induce differentiation of dermal fibroblasts into vascular endothelial cells."", ""y"": ""2022""}, {""p"": ""31264280"", ""t"": ""LncRNA TUG1 regulates FGF1 to enhance endothelial differentiation of adipose-derived stem cells by sponging miR-143."", ""y"": ""2019""}, {""p"": ""26720480"", ""t"": ""Generating iPSC-Derived Choroidal Endothelial Cells to Study Age-Related Macular Degeneration."", ""y"": ""2015""}]","[{""p"": ""35368373"", ""t"": ""Autologous hematopoietic stem cell transplantation modifies specific aspects of systemic sclerosis-related microvasculopathy."", ""y"": ""2022"", ""c"": ""does not""}, {""p"": ""16282704"", ""t"": ""Murine metanephric mesenchyme possesses characteristics of vascular endothelial cells in vitro."", ""y"": ""2006"", ""c"": ""did not""}, {""p"": ""26300240"", ""t"": ""Autologous hematopoietic stem cell transplantation reverses skin fibrosis but does not change skin vessel density in patients with systemic sclerosis."", ""y"": ""2015"", ""c"": ""did not""}, {""p"": ""33540918"", ""t"": ""Resveratrol-Elicited PKC Inhibition Counteracts NOX-Mediated Endothelial to Mesenchymal Transition in Human Retinal Endothelial Cells Exposed to High Glucose."", ""y"": ""2021"", ""c"": ""protective""}]",validate,SNAI1/2 repress the endothelial-identity panel (CDH5/CD31/VWF/TEK) — cited PMID 28062404 (SSc EndoMT) supports.,28062404,,
ssc_M3_019,in_map,,M3,catalysis,COX_2__er;TBXA2R__pm,TBXA2R_signal__pm,"COX-2 (PTGS2) produces thromboxane TXA2, signals via TBXA2R for vasoconstriction",COX-2/TXA2 axis; SSc digital ischaemia,37321373,10.1016/j.pharmthera.2023.108478,Preparing to strike: Acute events in signaling by the serpentine receptor for thromboxane A(2),Pharmacol Ther 2023,ECO:0000033,review — traceable author statement,,to_complete,,,,,1,,KEEP — add a citation,review — traceable author statement but no verbatim quote stored yet,AI — abstract-verified,confirmed,,[],"[{""p"": ""26993102"", ""t"": ""Serelaxin (recombinant human relaxin-2) prevents high glucose-induced endothelial dysfunction by ameliorating prostacyclin production in the mouse aorta."", ""y"": ""2016"", ""c"": ""no effect""}]",validate,COX-2/PTGS2 produces thromboxane TXA2 signalling via TBXA2R (vasoconstriction) — cited PMID 37321373 (thromboxane A2 receptor signalling review) supports; SSc digital ischaemia.,37321373,,
ssc_M3_020,in_map,,M3,transcription,HIF1A_active__nuc;ARNT__cyto,HIF1A_ARNT__nuc,HIF1A under hypoxia partners with ARNT in nucleus,HIF1A complex assembly,7539918,10.1073/pnas.92.12.5510,Hypoxia-inducible factor 1 is a basic-helix-loop-helix-PAS heterodimer regulated by cellular O2 tension,Proc Natl Acad Sci U S A 1995,ECO:0000314,experimental — direct assay,'HIF-1 is a heterodimeric bHLH-PAS... HIF-1a subunit complexed with HIF-1b (ARNT)',full-text evidence note,,,,,1,,KEEP — strong (experimental),experimental — direct assay,AI — full-text-verified,confirmed,,"[{""p"": ""39477683"", ""t"": ""Atractylenolide I inhibits angiogenesis and reverses sunitinib resistance in clear cell renal cell carcinoma through ATP6V0D2-mediated autophagic degradation of EPAS1/HIF2α."", ""y"": ""2025""}, {""p"": ""10425220"", ""t"": ""HIF1A gene transcription is dependent on a core promoter sequence encompassing activating and inhibiting sequences located upstream from the transcription initiation site and cis elements located within the 5'UTR."", ""y"": ""1999""}]","[{""p"": ""9027737"", ""t"": ""Structural and functional analysis of hypoxia-inducible factor 1."", ""y"": ""1997"", ""c"": ""no effect""}]",validate,"HIF1A partners ARNT in the nucleus — cited PMID 7539918 is the classic Wang/Semenza HIF-1α/ARNT bHLH-PAS paper. Canonical, correct.",7539918,,
ssc_M3_021,in_map,,M3,transcription,SMAD3p_SMAD4__nuc;SMAD3p_SMAD4__nuc,ZEB2__nuc,TGF-β/SMAD3 signalling induces ZEB2 (SIP1) as part of the EndMT master-TF programme,parallel EndMT TF to SNAI/ZEB1,19838011,10.2183/pjab.85.314,Transforming growth factor-beta signaling in epithelial-mesenchymal transition and progression of cancer,Proc Jpn Acad Ser B Phys Biol Sci 2009,ECO:0000033,review — traceable author statement,"Multiple transcription factors, including deltaEF1/ZEB1, SIP1/ZEB2, and Snail/SNAI1, are induced by TGF-beta-Smad signaling and play critical roles in TGF-beta-induced EMT.",verbatim (abstract),,ZEB2|SIP1|ZEB1,,,1,,KEEP — review-grade,review — traceable author statement,AI — abstract-verified,confirmed,,[],[],validate,TGF-β/SMAD3 induces ZEB2/SIP1 (EndMT TF) — cited PMID 19838011 (TGF-β-Smad induces ZEB1/ZEB2/Snail) directly supports.,19838011,,
ssc_M4_012,in_map,,M4,binding,TNFSF13B__ext;TNFSF13__ext;BCMA__ext,BAFF_BCMA__pm,BAFF (TNFSF13B) + APRIL (TNFSF13) bind BCMA on plasma cells,survival signal; belimumab target,38990948,10.1073/pnas.2404309121,"Unique and redundant roles of mouse BCMA, TACI, BAFF, APRIL, and IL-6 in supporting antibody-producing cells in different tissues",Proc Natl Acad Sci U S A 2024,ECO:0000314,experimental — direct assay,"Also, none of these studies disentangled contributions of APRIL, BAFF, and their heteromers binding to BAFFR, BCMA, TACI, and proteoglycans.",verbatim (PDF-extracted),7,BAFF|BCMA|APRIL,"BAFF, APRIL, and their heteromers share two receptors, transmembrane activator and CAML interactor (TACI) and B cell maturation antigen (BCMA).",2,1,,KEEP — strong (experimental),experimental — direct assay,AI — full-text-verified,confirmed,,"[{""p"": ""27098833"", ""t"": ""Tumor necrosis factor superfamily member APRIL contributes to fibrotic scar formation after spinal cord injury."", ""y"": ""2016""}, {""p"": ""36980677"", ""t"": ""The BAFF-APRIL System in Cancer."", ""y"": ""2023""}, {""p"": ""35780200"", ""t"": ""Protein and functional isoform levels and genetic variants of the BAFF and APRIL pathway components in systemic lupus erythematosus."", ""y"": ""2022""}, {""p"": ""40821822"", ""t"": ""Exploring the role of APRIL in autoimmunity: implications for therapeutic targeting in systemic lupus erythematosus, rheumatoid arthritis, and Sjögren's syndrome."", ""y"": ""2025""}]","[{""p"": ""22166983"", ""t"": ""B-cell maturation antigen (BCMA) activation exerts specific proinflammatory effects in normal human keratinocytes and is preferentially expressed in inflammatory skin pathologies."", ""y"": ""2012"", ""c"": ""do not""}]",validate,BAFF + APRIL bind BCMA on plasma cells (survival) — cited PMID 38990948 directly supports; belimumab rationale.,38990948;10801128,,
ssc_M4_013,in_map,,M4,transcription,GATA3__nuc;TBX21__nuc;FOXP3__nuc;RORC__nuc,Th_lineage_committed__cell,"GATA3, TBX21, FOXP3, RORC drive Th2 / Th1 / Treg / Th17 lineage commitment respectively",T-helper lineage anchors,28847903,10.1101/cshperspect.a030338,"T Helper Cell Differentiation, Heterogeneity, and Plasticity",Cold Spring Harb Perspect Biol 2018,ECO:0000033,review — traceable author statement,"NONCANONICAL Th SUBSETS THAT COEXPRESS MULTIPLE MASTER REGULATORS Master regulators are usually expressed in a celltype-specific manner (i.e., T-bet for Th1, GATA3 for Th2, RORγt for Th17, and Foxp3 for Treg cells) (Fig.",verbatim (PDF-extracted),6,GATA3|Foxp3|Th|Th2|Th1|Treg|Th17,"Furthermore, effector cell–related transcription factors can be expressed by Foxp3-expressing Treg cells, resulting in massively heterogeneous Th effector and regulatory populations.",10,1,,KEEP — review-grade,review — traceable author statement,AI — full-text-verified,confirmed,,"[{""p"": ""38842161"", ""t"": ""Chronic liver fibrosis induction in aging causes significant ultra-structural deterioration in liver and alteration on immune response gene expressions in liver-spleen axis."", ""y"": ""2024""}, {""p"": ""25292313"", ""t"": ""The effects of galectin-1 on the gene expression of the transcription factors TBX21, GATA-3, FOXP3 and RORC."", ""y"": ""2015""}, {""p"": ""30254507"", ""t"": ""Dynamic DNA Methylation Changes of Tbx21 and Rorc during Experimental Autoimmune Uveitis in Mice."", ""y"": ""2018""}, {""p"": ""27764137"", ""t"": ""Role of TEFFECTOR/MEMORY Cells, TBX21 Gene Expression and T-Cell Homing Receptor on Type 1 Reaction in Borderline Lepromatous Leprosy Patients."", ""y"": ""2016""}]","[{""p"": ""40283008"", ""t"": ""Immune Modulation Through Stereotactic Radiotherapy: The Role of TBX21, GATA-3, FoxP3, and RORɣt."", ""y"": ""2025"", ""c"": ""No correlation""}]",validate,GATA3/TBX21/FOXP3/RORC anchor Th2/Th1/Treg/Th17 lineages — cited PMID 28847903 (Th differentiation review) supports. Canonical.,28847903,,
ssc_M4_014,in_map,,M4,activation,BCR_activated__cell;CD22__pm;CD40__pm;CD154__pm,IRF4__nuc;XBP1__nuc;BLIMP1__nuc;CD19__pm;MS4A1__pm,Activated B cell BCR + CD40-CD40L → CD22 modulation and IRF4 induction,full B-cell activation surface,34759017,10.4049/jimmunol.2100747,B Cell-Intrinsic IRF4 Haploinsufficiency Impairs Affinity Maturation,J Immunol 2021,ECO:0000314,experimental — direct assay,"The transcription factor IRF4, induced upon BCR and CD40 signaling, is essential for the acquisition of PC and GCB cell fates.",verbatim (PDF-extracted),1,BCR|CD40|IRF4,Expression levels of IRF4 regulate activated antigen specific B cell fate choices.,6,1,,KEEP — strong (experimental),experimental — direct assay,AI — full-text-verified,confirmed,,"[{""p"": ""16227086"", ""t"": ""CD22: a multifunctional receptor that regulates B lymphocyte survival and signal transduction."", ""y"": ""2005""}, {""p"": ""31616406"", ""t"": ""Identification and Characterization of Post-activated B Cells in Systemic Autoimmune Diseases."", ""y"": ""2019""}]",[],validate,BCR + CD40 + CD22 modulation induces IRF4/XBP1/BLIMP1 — cited PMID 34759017 (IRF4 in germinal-center/plasma-cell fate) supports.,34759017,,
ssc_M4_015,in_map,,M4,contributes,Th_lineage_committed__cell,phenotype_autoAb_production__ext,Th1 IFN-γ + Th2 IL-4/IL-13 + Th17 IL-17 + Treg balance shapes the autoAb output,Th balance drives chronicity in SSc,,,,,ECO:0000305,curator inference,,to_complete,,,,,1,,KEEP — conceptual (verify reclassification),phenotype_aggregation; cell-state/phenotype assertion,AI — reclassification,phenotype_aggregation,,[],[],validate,Phenotype-aggregation node: Th1/Th2/Th17/Treg balance shapes autoantibody output. Definitional; appropriate.,,,
ssc_M1_013,in_map,,M1,binding,IRF7__cyto,IRF7_p__nuc,IRF7 cytosolic phospho-form translocates to nucleus,IRF7 activation closes the loop,37251373,10.3389/fimmu.2023.1190841,"Interferon regulatory factor 7 in inflammation, cancer and infection",Front Immunol 2023,ECO:0000033,review — traceable author statement,"Here, we summarize recent advances in the role of IRF7 as a multifunctional transcription factor in inflammation, cancer and infection by regulating IFN-I production or IFN-I-independent signaling pathways.",verbatim (abstract),,IRF7,"Activation of IRF7 inhibits various viral and bacterial infections and suppresses the growth and metastasis of some cancers, but it may also affect the tumor microenvironment and promote the development of other cancers.",,1,,KEEP — review-grade,review — traceable author statement,AI — abstract-verified,confirmed,,"[{""p"": ""34282151"", ""t"": ""Myofibroblast transcriptome indicates SFRP2hi fibroblast progenitors in systemic sclerosis skin."", ""y"": ""2021""}, {""p"": ""34033851"", ""t"": ""An international genome-wide meta-analysis of primary biliary cholangitis: Novel risk loci and candidate drugs."", ""y"": ""2021""}, {""p"": ""39985573"", ""t"": ""Irf7 aggravates prostatitis by promoting Hif-1α-mediated glycolysis to facilitate M1 polarization."", ""y"": ""2025""}, {""p"": ""42168655"", ""t"": ""IRF7 links HK1-dependent histone lactylation to fibroblast activation and cardiac fibrosis."", ""y"": ""2026""}, {""p"": ""36450710"", ""t"": ""The E3 ubiquitin ligase WWP2 regulates pro-fibrogenic monocyte infiltration and activity in heart fibrosis."", ""y"": ""2022""}, {""p"": ""38814825"", ""t"": ""Mice Hepatic Organoids for Modeling Nonalcoholic Fatty Liver Disease and Drug Response."", ""y"": ""2024""}]","[{""p"": ""31439591"", ""t"": ""Interferon regulatory factor 7 (IRF7) represents a link between inflammation and fibrosis in the pathogenesis of systemic sclerosis."", ""y"": ""2019"", ""c"": ""unaffected""}]",validate,IRF7 cytosolic phospho-form translocates to nucleus — canonical; cited PMID 37251373 is an on-topic IRF7 review.,37251373,,
ssc_M1_014,in_map,,M1,degradation,SOCS1__cyto;PTPN2__cyto,JAK1_inhibited__cyto,SOCS1 + PTPN2 inhibit JAK1 to dampen IFN signalling,IFN negative feedback,11706989,10.1007/PL00000801,The suppressors of cytokine signalling (SOCS),Cell Mol Life Sci 2001,ECO:0000033,review — traceable author statement,"SOCS-1 can interact directly with JAK1, JAK2 and Tyk2, and inhibit their phosphorylation and catalytic activity, thereby downregulating JAK-dependent phosphorylation of receptors and STATS [7, 8, 30].",verbatim (PDF-extracted),3,SOCS-1|JAK1,"SOCS-3 inhibits many of the same signalling pathways as SOCS-1, and coimmunoprecipitates with JAK2; however, overexpression of SOCS-3 does not inhibit the in vitro kinase activity of JAK1 or JAK2 [30].",3,1,,KEEP — review-grade,review — traceable author statement,AI — full-text-verified,confirmed,,[],[],validate,SOCS1 (+PTPN2) negatively regulate JAK1/IFN signalling — canonical; cited PMID 11706989 is an on-topic SOCS review.,11706989,,
ssc_M3_022,in_map,,M3,binding,NOTCH3__pm;JAG1__cyto;RBPJ__pm,NOTCH3_JAG1_complex__pm,NOTCH3 receptor on smooth-muscle/pericyte engaged by ligands (cross-Notch with M3 vasculopathy),NOTCH3 mutations cause CADASIL; pericyte axis in SSc,31868216,10.1042/CS20190835,Notch3 signalling and vascular remodelling in pulmonary arterial hypertension,Clin Sci (Lond) 2019,ECO:0000033,review — traceable author statement,"Co-culture of VSMCs with endothelial cells also increases expression of Notch3, an effect that is inhibited by Jag1-deficient endothelial cells indicating auto-regulation of Notch in vascular cells [53].",verbatim (PDF-extracted),5,Notch3|Jag1,"Exposure of neonatal mouse pups to chronic hypoxia (13% O2) to induce PH significantly increases pulmonary expression of Notch3 and Notch-related genes including Hes5, Jag1 and ADAM17, as well as up-regulating expression of anti-apoptotic BCL2L1 (Bcl-xL), and cell cycle promoter CCND1 (Cyclin D) [85].",8,1,,KEEP — review-grade,review — traceable author statement,AI — full-text-verified,confirmed,,"[{""p"": ""29054964"", ""t"": ""Gene expression profiling of the Notch-AhR-IL22 axis at homeostasis and in response to tissue injury."", ""y"": ""2017""}, {""p"": ""35103284"", ""t"": ""Notch signaling is a novel regulator of visceral smooth muscle cell differentiation in the murine ureter."", ""y"": ""2022""}]",[],validate,NOTCH3 engaged by JAG1 (pericyte/VSMC Notch) — cited PMID 31868216 (Notch3 in vascular smooth muscle) supports; NOTCH3/CADASIL pericyte axis.,31868216,,
ssc_M1_015,in_map,,M1,activation,TLR8__endo,IRF7_p__nuc,TLR8 endosomal ssRNA sensing → MyD88 → IRF7,TLR8 covers ssRNA sensing branch,31662487,10.1126/scisignal.aaw1347,TLR7 and TLR8 activate distinct pathways in monocytes during RNA virus infection,Sci Signal 2019,ECO:0000314,experimental — direct assay,Kinetics of IRF3 and IRF7 expression after TLR7 and TLR8 stimulation.,verbatim (PDF-extracted),27,TLR8|IRF7,These results were similar to the pattern of IRF3 and IRF7 expression observed upon TLR8 stimulation as compared to vehicle-treated cells at similar time points (fig S7).,17,1,,KEEP — strong (experimental),experimental — direct assay,AI — full-text-verified,confirmed,,"[{""p"": ""38972975"", ""t"": ""tRF-His-GTG-1 enhances NETs formation and interferon-α production in lupus by extracellular vesicle."", ""y"": ""2024""}, {""p"": ""40615103"", ""t"": ""A 1:1 combination of cannabidiol and Δ9-tetrahydrocannabinol inhibit toll-like receptor 7- and 8-mediated inflammation in human immune cells."", ""y"": ""2025""}]","[{""p"": ""16737960"", ""t"": ""TLR8-mediated NF-kappaB and JNK activation are TAK1-independent and MEKK3-dependent."", ""y"": ""2006"", ""c"": ""do not""}]",validate,TLR8 endosomal ssRNA sensing→IRF7 is established; cited PMID 31662487 (monocyte RNA-virus sensing) is on-topic. Contrary cue (16737960) only notes IRAK-independence of kinase activity — not a refutation.,31662487,,
ssc_M4_016,in_map,,M4,contributes,TOP1__ext;CENPB__ext,fibroblast_proFibrotic__cell,anti-Topo-I (TOP1) and anti-Cenp-B (CENPB) autoantibodies induce pro-fibrotic markers in dermal fibroblasts,SSc-defining autoantibodies with a direct pro-fibrotic fibroblast effect,31234888,10.1186/s13075-019-1931-x,Antibodies against specific extractable nuclear antigens (ENAs) as diagnostic and prognostic tools and inducers of a profibrotic phenotype in cultured human skin fibroblasts: are they functional?,Arthritis Res Ther 2019,ECO:0000314,experimental — direct assay,The aim of the study is to assess the pathogenic capacity of anti-DNA-topoisomerase I (anti-Topo-I) and anti-centromeric protein B (anti-Cenp-B) autoantibodies ,verbatim (discovery),,,,,1,,KEEP — strong (experimental),experimental — direct assay,AI — literature-mined (discovery),confirmed,,[],[],validate,Anti-Topo-I/anti-CenpB autoantibodies induce pro-fibrotic markers in dermal fibroblasts — cited PMID 31234888 directly tests this pathogenic capacity in SSc.,31234888,,
ssc_M1_016,in_map,,M1,activation,PF4__ext;pDC_activated__cell,IFNA1__ext,"PF4 (CXCL4) binds DNA/RNA and favours pDC IFN-α production, feeding the SSc type-I IFN signature",CXCL4 (PF4) drives the SSc type-I IFN signature via pDC,32707718,10.3390/ijms21145102,Anti-CXCL4 Antibody Reactivity Is Present in Systemic Sclerosis (SSc) and Correlates with the SSc Type I Interferon Signature,Int J Mol Sci 2020,ECO:0000314,experimental — direct assay,"CXCL4 binds DNA/RNA and favors interferon (IFN)-α production by plasmacytoid dendritic cells (pDCs), contributing to the type I IFN (IFN-I) signature in SSc pat",verbatim (discovery),,,,,1,,KEEP — strong (experimental),experimental — direct assay,AI — literature-mined (discovery),confirmed,,"[{""p"": ""36053251"", ""t"": ""Chronic activation of pDCs in autoimmunity is linked to dysregulated ER stress and metabolic responses."", ""y"": ""2022""}, {""p"": ""39670996"", ""t"": ""Mechanosensing regulates pDC activation in the skin through NRF2 activation."", ""y"": ""2025""}, {""p"": ""40729289"", ""t"": ""Plasma CXCL4-DNA/RNA Complexes and Anti-CXCL4 Antibodies Modulation in an SSc Cohort under Iloprost Treatment."", ""y"": ""2024""}, {""p"": ""29126878"", ""t"": ""Dendritic cells in systemic sclerosis: Advances from human and mice studies."", ""y"": ""2018""}, {""p"": ""24350901"", ""t"": ""Proteome-wide analysis and CXCL4 as a biomarker in systemic sclerosis."", ""y"": ""2014""}, {""p"": ""36829561"", ""t"": ""Molecular Mechanisms Behind the Role of Plasmacytoid Dendritic Cells in Systemic Sclerosis."", ""y"": ""2023""}]","[{""p"": ""36614095"", ""t"": ""CXCL4-RNA Complexes Circulate in Systemic Sclerosis and Amplify Inflammatory/Pro-Fibrotic Responses by Myeloid Dendritic Cells."", ""y"": ""2022"", ""c"": ""In contrast""}, {""p"": ""31043596"", ""t"": ""CXCL4 assembles DNA into liquid crystalline complexes to amplify TLR9-mediated interferon-α production in systemic sclerosis."", ""y"": ""2019"", ""c"": ""does not""}, {""p"": ""37965262"", ""t"": ""Bacterial outer membrane vesicles bound to bacteriophages modulate neutrophil responses to bacterial infection."", ""y"": ""2023"", ""c"": ""does not""}, {""p"": ""29321259"", ""t"": ""Plasmacytoid dendritic cells promote systemic sclerosis with a key role for TLR8."", ""y"": ""2018"", ""c"": ""In contrast""}]",validate,"CXCL4 binds DNA/RNA and favours pDC IFN-α — cited PMID 32707718 on-topic (CXCL4 in SSc). Heavily corroborated (36053251, 35640018, 31043596). 'Contrary' hits actually reinforce the mechanism.",32707718;31043596,,
ssc_M1_017,in_map,,M1,transcription,IRF5__nuc,IFNB1__ext,"IRF5 (top SSc GWAS locus) drives type-I interferon (IFNB1) transcription, linking genetic risk to the SSc IFN signature",IRF5 is a top SSc risk locus; connects GWAS genetics to module M1 (type-I IFN),20231204,10.3899/jrheum.091163,Phenotype-haplotype correlation of IRF5 in systemic sclerosis: role of 2 haplotypes in disease severity,J Rheumatol 2010,ECO:0000033,review — traceable author statement,Identification of an association between IRF5 rs2004640 and systemic sclerosis (SSc) has highlighted a key role for type 1 interferon (IFN).,verbatim (discovery),,,,,1,,KEEP — review-grade,review — traceable author statement,AI — literature-mined (discovery),confirmed,,"[{""p"": ""19116937"", ""t"": ""Association between the IRF5 rs2004640 functional polymorphism and systemic sclerosis: a new perspective for pulmonary fibrosis."", ""y"": ""2009""}, {""p"": ""19479858"", ""t"": ""Association of a functional polymorphism in the IRF5 region with systemic sclerosis in a Japanese population."", ""y"": ""2009""}, {""p"": ""19644887"", ""t"": ""STAT4 is a genetic risk factor for systemic sclerosis having additive effects with IRF5 on disease susceptibility and related pulmonary fibrosis."", ""y"": ""2009""}]",[],validate,"IRF5 (top SSc GWAS locus) drives type-I IFN — cited PMID 20231204 is the IRF5-SSc association (correct); reinforced by 19116937, 19479858, 19644887. Links genetics to module M1.",20231204;19644887,,
ssc_M2_026,in_map,,M2,contributes,SFRP2__ext;DPP4__pm,phenotype_myofibroblast_activation__cell,SSc SFRP2hi/DPP4 progenitor fibroblasts give rise to myofibroblasts (two-step transition),SSc-specific dermal myofibroblast progenitor state (Tabib single-cell),34282151,10.1038/s41467-021-24607-6,Myofibroblast transcriptome indicates SFRP2(hi) fibroblast progenitors in systemic sclerosis skin,Nat Commun 2021,ECO:0000270,experimental — expression pattern,"Here, we show that SSc dermal myofibroblasts arise in two steps from an SFRP2hi/DPP4-expressing progenitor fibroblast population.",verbatim (discovery),,,,,1,,KEEP — strong (experimental),experimental — expression pattern,AI — literature-mined (discovery),confirmed,,"[{""p"": ""29080679"", ""t"": ""SFRP2/DPP4 and FMO1/LSP1 Define Major Fibroblast Populations in Human Skin."", ""y"": ""2018""}, {""p"": ""35943798"", ""t"": ""Tofacitinib blocks IFN-regulated biomarker genes in skin fibroblasts and keratinocytes in a systemic sclerosis trial."", ""y"": ""2022""}]",[],validate,SSc SFRP2hi/DPP4 progenitor fibroblasts give rise to myofibroblasts — cited PMID 34282151 (Tabib single-cell SSc) supports; 29080679 defines SFRP2/DPP4 populations.,34282151;29080679,,
ssc_M2_027,in_map,,M2,contributes,SFRP4__ext;FNDC1__ext,phenotype_myofibroblast_activation__cell,The committing SFRP2hi fraction acquires SFRP4 and FNDC1 as it differentiates into myofibroblasts,SFRP4/FNDC1 mark the SSc fibroblast fraction committing to myofibroblast,34282151,10.1038/s41467-021-24607-6,Myofibroblast transcriptome indicates SFRP2(hi) fibroblast progenitors in systemic sclerosis skin,Nat Commun 2021,ECO:0000270,experimental — expression pattern,"Only a fraction of SFRP2hi SSc fibroblasts differentiate into myofibroblasts, as shown by expression of additional markers, SFRP4 and FNDC1.",verbatim (discovery),,,,,1,,KEEP — strong (experimental),experimental — expression pattern,AI — literature-mined (discovery),confirmed,,"[{""p"": ""40530118"", ""t"": ""The prognostic and immune significance of fibronectin type III domain-containing 1 gene in pan-cancer and its relationship with proliferation and migration of stomach adenocarcinoma."", ""y"": ""2025""}, {""p"": ""36190948"", ""t"": ""A pan-cancer analysis of matrisome proteins reveals CTHRC1 and a related network as major ECM regulators across cancers."", ""y"": ""2022""}]",[],validate,SFRP4/FNDC1 mark the committing SSc fibroblast fraction — cited PMID 34282151 (Tabib) supports.,34282151,,
ssc_M2_028,in_map,,M2,transcription,FOSL2__nuc;RUNX1__nuc;CREB3L1__nuc,phenotype_myofibroblast_activation__cell,Upstream TFs FOSL2/RUNX1/CREB3L1 are implicated in driving SSc myofibroblast differentiation,SSc myofibroblast regulons (Tabib): adds RUNX1/CREB3L1 upstream regulators,34282151,10.1038/s41467-021-24607-6,Myofibroblast transcriptome indicates SFRP2(hi) fibroblast progenitors in systemic sclerosis skin,Nat Commun 2021,ECO:0000270,experimental — expression pattern,"Bioinformatics analysis of the SSc fibroblast transcriptomes implicated upstream transcription factors, including FOSL2, RUNX1, STAT1, FOXP1, IRF7 and CREB3L1, ",verbatim (discovery),,,,,1,,KEEP — strong (experimental),experimental — expression pattern,AI — literature-mined (discovery),confirmed,,[],[],validate,FOSL2/RUNX1/CREB3L1 regulons drive SSc myofibroblast differentiation — cited PMID 34282151 (Tabib regulon analysis) supports.,34282151,,
ssc_M3_023,in_map,,M3,activation,FLI1__nuc,CDH5__pm,FLI1 maintains dermal endothelial identity; its reduction in SSc microvascular EC permits EndoMT,FLI1 deficiency is an SSc-signature endothelial lesion driving EndoMT,28062404,10.1136/annrheumdis-2016-210229,Endothelial-to-mesenchymal transition contributes to endothelial dysfunction and dermal fibrosis in systemic sclerosis,Ann Rheum Dis 2017,ECO:0000314,experimental — direct assay,"reduction in protein expression of Fli1 (p<0.001 vs H-dMVECs) (ﬁgure 3C), a transcription factor that plays a pivotal role in the maintenance of EC homeostasis ",verbatim (discovery),,,,,1,,KEEP — strong (experimental),experimental — direct assay,AI — literature-mined (discovery),confirmed,,"[{""p"": ""32226439"", ""t"": ""A Computational Model of the Endothelial to Mesenchymal Transition."", ""y"": ""2020""}, {""p"": ""32075417"", ""t"": ""Etv2- and Fli1-Induced Vascular Progenitor Cells Enhance Functional Recovery in Ischemic Vascular Disease Model-Brief Report."", ""y"": ""2020""}, {""p"": ""20228226"", ""t"": ""Endothelial Fli1 deficiency impairs vascular homeostasis: a role in scleroderma vasculopathy."", ""y"": ""2010""}, {""p"": ""32627966"", ""t"": ""Altered Properties of Endothelial Cells and Mesenchymal Stem Cells Underlying the Development of Scleroderma-like Vasculopathy in KLF5+/- ;Fli-1+/- Mice."", ""y"": ""2020""}, {""p"": ""17409396"", ""t"": ""Mammalian tumor xenografts induce neovascularization in zebrafish embryos."", ""y"": ""2007""}, {""p"": ""28248004"", ""t"": ""Highly Efficient Differentiation of Endothelial Cells from Pluripotent Stem Cells Requires the MAPK and the PI3K Pathways."", ""y"": ""2017""}]","[{""p"": ""23359533"", ""t"": ""Interferon-γ promotes vascular remodeling in human microvascular endothelial cells by upregulating endothelin (ET)-1 and transforming growth factor (TGF) β2."", ""y"": ""2013"", ""c"": ""In contrast""}]",validate,FLI1 maintains endothelial CDH5 identity; its SSc reduction permits EndoMT — cited PMID 28062404 + dossier 20228226 (endothelial Fli1 deficiency impairs vascular homeostasis in scleroderma vasculopathy) strongly support.,20228226;28062404,,
ssc_M3_024,in_map,,M3,catalysis,MMP12__ext;PLAUR__pm,phenotype_vascular_remodelling__cell,MMP-12-dependent cleavage of uPAR (PLAUR) drives EndoMT induced by SSc serum,MMP-12/uPAR axis as an SSc-specific EndoMT trigger,28062404,10.1136/annrheumdis-2016-210229,Endothelial-to-mesenchymal transition contributes to endothelial dysfunction and dermal fibrosis in systemic sclerosis,Ann Rheum Dis 2017,ECO:0000314,experimental — direct assay,Matrix metalloproteinase-12-dependent uPAR cleavage was implicated in the induction of EndoMT by SSc sera.,verbatim (discovery),,,,,1,,KEEP — strong (experimental),experimental — direct assay,AI — literature-mined (discovery),confirmed,,"[{""p"": ""36555389"", ""t"": ""Gene Expression Linked to Reepithelialization of Human Skin Wounds."", ""y"": ""2022""}, {""p"": ""42259118"", ""t"": ""Plasma proteomic signatures of long-term PM2.5 exposure and risk of incident chronic obstructive pulmonary disease."", ""y"": ""2026""}]",[],validate,"MMP-12-dependent uPAR (PLAUR) cleavage drives SSc-serum-induced EndoMT — cited PMID 28062404 (SSc EndoMT, MMP-12/uPAR) supports.",28062404,,
ssc_M2_029,in_map,,M2,inhibition,TGFB1__ext,CAV1__pm,"TGF-β downregulates caveolin-1 (CAV1) in SSc, removing a brake on fibrotic/TGF-β signalling",CAV1 loss is an SSc-signature lesion amplifying TGF-β-driven fibrosis,29259049,10.1136/annrheumdis-2017-212120,Scleroderma fibroblasts suppress angiogenesis via TGF-β/caveolin-1 dependent secretion of pigment epithelium-derived factor,Ann Rheum Dis 2018,ECO:0000314,experimental — direct assay,"Transforming growth factor beta (TGF-β) plays a major role in tissue fibrosis, including downregulation of caveolin-1 (Cav-1); however, its role in defective an",verbatim (discovery),,,,,1,,KEEP — strong (experimental),experimental — direct assay,AI — literature-mined (discovery),confirmed,,"[{""p"": ""40730611"", ""t"": ""Tumor extracellular matrix enhances invasive gene expression of breast cancer cells in 3D patient-derived scaffolds."", ""y"": ""2025""}]","[{""p"": ""23051628"", ""t"": ""Fibrosis-associated single-nucleotide polymorphisms in TGFB1 and CAV1 are not associated with the development of nephrogenic systemic fibrosis."", ""y"": ""2013"", ""c"": ""No significant""}, {""p"": ""25681461"", ""t"": ""Moderate alterations of the cytoskeleton in human chondrocytes after short-term microgravity produced by parabolic flight maneuvers could be prevented by up-regulation of BMP-2 and SOX-9."", ""y"": ""2015"", ""c"": ""no change""}]",validate,TGF-β downregulates caveolin-1 (CAV1) — cited PMID 29259049 directly states TGF-β downregulation of Cav-1 in SSc.,29259049,,
ssc_M2_030,in_map,,M2,contributes,COMP__ecm;THBS1__ext,phenotype_skin_severity_mRSS__cell,ECM markers COMP and THBS1 track modified Rodnan Skin Score (mRSS) skin severity in SSc,clinical-axis link: molecular ECM markers to the mRSS skin-severity readout,34282151,10.1038/s41467-021-24607-6,Myofibroblast transcriptome indicates SFRP2(hi) fibroblast progenitors in systemic sclerosis skin,Nat Commun 2021,ECO:0000270,experimental — expression pattern,"Comparing these two clusters directly revealed top differentially expressed genes, including COMP and THBS1, genes highly associated with the MRSS and previousl",verbatim (discovery),,,,,1,,KEEP — strong (experimental),experimental — expression pattern,AI — literature-mined (discovery),confirmed,,"[{""p"": ""26098215"", ""t"": ""Fresolimumab treatment decreases biomarkers and improves clinical symptoms in systemic sclerosis patients."", ""y"": ""2015""}, {""p"": ""30952646"", ""t"": ""Compendium of skin molecular signatures identifies key pathological features associated with fibrosis in systemic sclerosis."", ""y"": ""2019""}, {""p"": ""36768853"", ""t"": ""Differential Urinary Proteomic Analysis of High-Risk Cervical Intraepithelial Neoplasia."", ""y"": ""2023""}, {""p"": ""33996903"", ""t"": ""Diagnostic, Therapeutic, and Prognostic Value of the Thrombospondin Family in Gastric Cancer."", ""y"": ""2021""}, {""p"": ""34012631"", ""t"": ""Expression and prognostic significance of thrombospondin gene family in gastric cancer."", ""y"": ""2021""}]","[{""p"": ""28807667"", ""t"": ""Inhibition of β-Catenin Signaling in the Skin Rescues Cutaneous Adipogenesis in Systemic Sclerosis: A Randomized, Double-Blind, Placebo-Controlled Trial of C-82."", ""y"": ""2017"", ""c"": ""did not""}, {""p"": ""39912080"", ""t"": ""Changes in Gene Expression of the Extracellular Matrix in Patients with Full-Thickness Rotator Cuff Tears of Varying Sizes."", ""y"": ""2025"", ""c"": ""did not""}]",validate,COMP/THBS1 track mRSS skin severity — clinical-axis link; cited PMID 34282151 + 30952646 (SSc skin compendium) support.,34282151;30952646,,
ssc_M4_017,in_map,,M4,activation,PF4__ext,phenotype_autoAb_production__ext,PF4 (CXCL4)-DNA/RNA complexes stimulate B cells to become antibody-secreting plasma cells,links the SSc CXCL4/PF4 axis to plasma-cell autoantibody output,32707718,10.3390/ijms21145102,Anti-CXCL4 Antibody Reactivity Is Present in Systemic Sclerosis (SSc) and Correlates with the SSc Type I Interferon Signature,Int J Mol Sci 2020,ECO:0000314,experimental — direct assay,CXCL4–DNA/RNA complexes stimulate purified human B-cells to become antibody-secreting plasma cells in vitro.,verbatim (discovery),,,,,1,,KEEP — strong (experimental),experimental — direct assay,AI — literature-mined (discovery),confirmed,,"[{""p"": ""38167034"", ""t"": ""Single-cell RNA-seq analysis decodes the kidney microenvironment induced by polystyrene microplastics in mice receiving a high-fat diet."", ""y"": ""2024""}, {""p"": ""34986347"", ""t"": ""CXCL4 drives fibrosis by promoting several key cellular and molecular processes."", ""y"": ""2022""}, {""p"": ""39025985"", ""t"": ""Proteomic screening identifies PF4/Cxcl4 as a critical driver of myelofibrosis."", ""y"": ""2024""}, {""p"": ""39464886"", ""t"": ""Efferocytosis dysfunction in CXCL4-induced M4 macrophages: phenotypic insights in systemic sclerosis in vitro and in vivo."", ""y"": ""2024""}, {""p"": ""40141068"", ""t"": ""The Role of CXCL4 in Systemic Sclerosis: DAMP, Auto-Antigen and Biomarker."", ""y"": ""2025""}, {""p"": ""39707183"", ""t"": ""CXCL4 deficiency limits M4 macrophage infiltration and attenuates hyperoxia-induced lung injury."", ""y"": ""2024""}]","[{""p"": ""36807143"", ""t"": ""Platelet-instructed SPP1+ macrophages drive myofibroblast activation in fibrosis in a CXCL4-dependent manner."", ""y"": ""2023"", ""c"": ""independent of""}, {""p"": ""40072075"", ""t"": ""Pro-Fibrotic Macrophage Subtypes: SPP1+ Macrophages as a Key Player and Therapeutic Target in Cardiac Fibrosis?"", ""y"": ""2025"", ""c"": ""reduced fibrosis""}, {""p"": ""41337540"", ""t"": ""Dysregulated alveolar type 2 epithelial cell proteostasis promotes fibrogenic macrophage migration inhibitory factor-CD74 signaling."", ""y"": ""2025"", ""c"": ""attenuated fibrosis""}, {""p"": ""36614095"", ""t"": ""CXCL4-RNA Complexes Circulate in Systemic Sclerosis and Amplify Inflammatory/Pro-Fibrotic Responses by Myeloid Dendritic Cells."", ""y"": ""2022"", ""c"": ""In contrast""}]",validate,CXCL4(PF4)-nucleic-acid complexes stimulate B-cell/plasma-cell autoantibody output — cited PMID 32707718 shows CXCL4 is an SSc autoantigen with antibody reactivity; reasonable directionality.,32707718,,
ssc_M1_018,in_map,,M1,binding,PF4__ext;TLR9__endo,TLR9_active__endo,PF4 (CXCL4) protects and organises DNA for sensing by TLR9,mechanistic basis of CXCL4-driven innate nucleic-acid sensing in SSc,32707718,10.3390/ijms21145102,Anti-CXCL4 Antibody Reactivity Is Present in Systemic Sclerosis (SSc) and Correlates with the SSc Type I Interferon Signature,Int J Mol Sci 2020,ECO:0000314,experimental — direct assay,"CXCL4 protects the DNA form degradation and allows DNA entry into the cells, while organizing it into periodic liquid crystalline structures with an inter-DNA s",verbatim (discovery),,,,,1,,KEEP — strong (experimental),experimental — direct assay,AI — literature-mined (discovery),confirmed,,"[{""p"": ""37773045"", ""t"": ""TLR9 ligand sequestration by chemokine CXCL4 negatively affects central B cell tolerance."", ""y"": ""2023""}, {""p"": ""34559222"", ""t"": ""Hypoxia and TLR9 activation drive CXCL4 production in systemic sclerosis plasmacytoid dendritic cells via mtROS and HIF-2α."", ""y"": ""2022""}, {""p"": ""36053251"", ""t"": ""Chronic activation of pDCs in autoimmunity is linked to dysregulated ER stress and metabolic responses."", ""y"": ""2022""}, {""p"": ""42156955"", ""t"": ""Tetrameric assembly disruption impairs CXCL4 chaperon ability for DNA and type I interferon immune amplification."", ""y"": ""2026""}, {""p"": ""35640018"", ""t"": ""Chemokines form nanoparticles with DNA and can superinduce TLR-driven immune inflammation."", ""y"": ""2022""}]","[{""p"": ""36614095"", ""t"": ""CXCL4-RNA Complexes Circulate in Systemic Sclerosis and Amplify Inflammatory/Pro-Fibrotic Responses by Myeloid Dendritic Cells."", ""y"": ""2022"", ""c"": ""In contrast""}, {""p"": ""31043596"", ""t"": ""CXCL4 assembles DNA into liquid crystalline complexes to amplify TLR9-mediated interferon-α production in systemic sclerosis."", ""y"": ""2019"", ""c"": ""does not""}, {""p"": ""29321259"", ""t"": ""Plasmacytoid dendritic cells promote systemic sclerosis with a key role for TLR8."", ""y"": ""2018"", ""c"": ""In contrast""}]",validate,"CXCL4 organises DNA for TLR9 sensing — cited PMID 32707718 on-topic; strongly supported (31043596 liquid-crystalline DNA/TLR9, 35640018 chemokine-DNA nanoparticles, 37773045 TLR9 ligand sequestration).",31043596;35640018,,
ssc_M1_019,in_map,,M1,activation,phenotype_autoAb_production__ext;pDC_activated__cell,IFNA1__ext,SSc autoantibody immunoglobulin immune complexes induce IFN-α production by pDCs (M4->M1 crosstalk),autoantibody immune complexes feed the SSc type-I IFN signature,32707718,10.3390/ijms21145102,Anti-CXCL4 Antibody Reactivity Is Present in Systemic Sclerosis (SSc) and Correlates with the SSc Type I Interferon Signature,Int J Mol Sci 2020,ECO:0000314,experimental — direct assay,"sera from SSc patients, mixed with necrotic/apoptotic material, induced IFN-α production in pDCs, apparently activated by immunoglobulin (Ig) immune complexes (",verbatim (discovery),,,,,1,,KEEP — strong (experimental),experimental — direct assay,AI — literature-mined (discovery),confirmed,,"[{""p"": ""37488975"", ""t"": ""Endothelial Response to Type I Interferon Contributes to Vasculopathy and Fibrosis and Predicts Disease Progression of Systemic Sclerosis."", ""y"": ""2024""}, {""p"": ""27324217"", ""t"": ""Activation of STING requires palmitoylation at the Golgi."", ""y"": ""2016""}, {""p"": ""39152751"", ""t"": ""A randomised, parallel-group, double-blind, placebo-controlled phase 3 study to Determine the effectiveness of the type I interferon receptor antibody, Anifrolumab, In SYstemic sclerosis: DAISY study design and rationale."", ""y"": ""2024""}]","[{""p"": ""39198639"", ""t"": ""Spatially clustered type I interferon responses at injury borderzones."", ""y"": ""2024"", ""c"": ""did not""}, {""p"": ""34648896"", ""t"": ""Dopamine receptor D2 antagonism normalizes profibrotic macrophage-endothelial crosstalk in non-alcoholic steatohepatitis."", ""y"": ""2022"", ""c"": ""no effect""}, {""p"": ""37584284"", ""t"": ""Role and Therapeutic Potential for Targeting Fibroblast Growth Factor 10/FGFR1 in Relapsed Rheumatoid Arthritis."", ""y"": ""2024"", ""c"": ""independent of""}]",validate,AutoAb immune complexes induce pDC IFN-α (M4→M1) — well-established innate/adaptive crosstalk; cited PMID 32707718 on CXCL4/pDC IFN is adjacent support. Conceptual but sound.,32707718,,
ssc_M2_031,in_map,,M2,transcription,IL6__ext;STAT3__cyto,GREM1__ext,IL-6 trans-signalling via STAT3 induces Gremlin (GREM1) in SSc fibroblasts,IL-6/STAT3-driven Gremlin links inflammation to TGF-β hyperactivation in SSc,24550394,10.1074/jbc.M113.545822,Interleukin-6 (IL-6) trans signaling drives a STAT3-dependent pathway that leads to hyperactive transforming growth factor-β (TGF-β) signaling promoting SMAD3 activation and fibrosis via Gremlin protein,J Biol Chem 2014,ECO:0000314,experimental — direct assay,Interleukin-6 (IL-6) trans signaling drives a STAT3-dependent pathway that leads to hyperactive transforming growth factor-β (TGF-β) signaling promoting SMAD3 a,verbatim (discovery),,,,,1,,KEEP — strong (experimental),experimental — direct assay,AI — literature-mined (discovery),confirmed,,"[{""p"": ""32070329"", ""t"": ""TGF-β pathway activation by idiopathic pulmonary fibrosis (IPF) fibroblast derived soluble factors is mediated by IL-6 trans-signaling."", ""y"": ""2020""}, {""p"": ""29703138"", ""t"": ""Transcriptional profiling of human bronchial epithelial cell BEAS-2B exposed to diesel and biomass ultrafine particles."", ""y"": ""2018""}]","[{""p"": ""24933422"", ""t"": ""Oncostatin M overexpression induces matrix deposition, STAT3 activation, and SMAD1 Dysregulation in lungs of fibrosis-resistant BALB/c mice."", ""y"": ""2014"", ""c"": ""In contrast""}]",validate,IL-6 trans-signalling via STAT3 induces Gremlin — cited PMID 24550394 (IL-6/collagen in SSc) supports the IL-6→fibrosis arm.,24550394,,
ssc_M2_032,in_map,,M2,activation,GREM1__ext,SMAD3_p__cyto,Gremlin (GREM1) promotes hyperactive TGF-β/SMAD3 signalling driving fibrosis,Gremlin as the IL-6→TGF-β amplifier node in SSc fibrosis,24550394,10.1074/jbc.M113.545822,Interleukin-6 (IL-6) trans signaling drives a STAT3-dependent pathway that leads to hyperactive transforming growth factor-β (TGF-β) signaling promoting SMAD3 activation and fibrosis via Gremlin protein,J Biol Chem 2014,ECO:0000314,experimental — direct assay,Interleukin-6 (IL-6) trans signaling drives a STAT3-dependent pathway that leads to hyperactive transforming growth factor-β (TGF-β) signaling promoting SMAD3 a,verbatim (discovery),,,,,1,,KEEP — strong (experimental),experimental — direct assay,AI — literature-mined (discovery),confirmed,,"[{""p"": ""18455002"", ""t"": ""Gremlin: a novel mediator of epithelial mesenchymal transition and fibrosis in chronic allograft nephropathy."", ""y"": ""2008""}, {""p"": ""32070329"", ""t"": ""TGF-β pathway activation by idiopathic pulmonary fibrosis (IPF) fibroblast derived soluble factors is mediated by IL-6 trans-signaling."", ""y"": ""2020""}, {""p"": ""24755068"", ""t"": ""TGF-β2 induces transdifferentiation and fibrosis in human lens epithelial cells via regulating gremlin and CTGF."", ""y"": ""2014""}]","[{""p"": ""31700227"", ""t"": ""Gremlin-1: An endogenous BMP antagonist induces epithelial-mesenchymal transition and interferes with redifferentiation in fetal RPE cells with repeated wounds."", ""y"": ""2019"", ""c"": ""In contrast""}]",validate,Gremlin promotes hyperactive TGF-β/SMAD3 — cited PMID 24550394 + dossier 18455002 (Gremlin/TGF-β/fibrosis) support.,24550394;18455002,,
ssc_M3_025,in_map,,M3,transcription,EDN1__ext;EDNRA__pm;EDNRB__pm,COL1A1__ext;COL3A1__ext,Endothelin-1 (EDN1) enhances collagen I/III release by SSc dermal fibroblasts via EDNRA/EDNRB,direct profibrotic ET-1→fibroblast collagen axis (distinct from vasoconstriction),9595482,10.1097/00005344-199800001-00101,Endothelins: effect on matrix biosynthesis and proliferation in normal and scleroderma fibroblasts,J Cardiovasc Pharmacol 1998,ECO:0000314,experimental — direct assay,ET-1 enhanced release of collagen types I and III by control and SSc fibroblast strains,verbatim (discovery),,,,,1,,KEEP — strong (experimental),experimental — direct assay,AI — literature-mined (discovery),confirmed,,"[{""p"": ""34332113"", ""t"": ""Extracellular matrix remodeling precedes atrial fibrillation: Results of the PREDICT-AF trial."", ""y"": ""2021""}, {""p"": ""20219212"", ""t"": ""Cellular phenotype transformation occurs during thoracic aortic aneurysm development."", ""y"": ""2010""}]","[{""p"": ""33082140"", ""t"": ""MicroRNA-98 reduces nerve growth factor expression in nicotine-induced airway remodeling."", ""y"": ""2020"", ""c"": ""In contrast""}, {""p"": ""42080429"", ""t"": ""The PPAR-gamma agonist pioglitazone alleviates bleomycin-induced lung fibrosis in male BALB/c mice."", ""y"": ""2026"", ""c"": ""protective""}, {""p"": ""31829272"", ""t"": ""Proposition of a novel animal model of systemic sclerosis induced by type V collagen in C57BL/6 mice that reproduces fibrosis, vasculopathy and autoimmunity."", ""y"": ""2019"", ""c"": ""did not""}, {""p"": ""27881410"", ""t"": ""TAZ activation drives fibroblast spheroid growth, expression of profibrotic paracrine signals, and context-dependent ECM gene expression."", ""y"": ""2017"", ""c"": ""In contrast""}]",validate,ET-1 enhances collagen I/III release by SSc dermal fibroblasts via EDNRA/B — cited PMID 9595482 directly states this. Profibrotic ET-1→fibroblast axis.,9595482,,
ssc_M2_033,in_map,,M2,transcription,CTNNB1__nuc,COL1A1__ext,"Sustained β-catenin (CTNNB1) activity in dermal fibroblasts up-regulates ECM/collagen genes, driving skin fibrosis",adds the Wnt/β-catenin effector axis (absent from the map) as an SSc fibrosis driver,25385294,10.1002/path.4481,Sustained β-catenin activity in dermal fibroblasts promotes fibrosis by up-regulating expression of extracellular matrix protein-coding genes,J Pathol 2015,ECO:0000314,experimental — direct assay,"expression of stabilized β-catenin in mouse dermal fibroblasts resulted in spontaneous, progressive skin fibrosis with thickened collagen fibres and altered col",verbatim (discovery),,,,,2,22328737,KEEP — strong (experimental) · corroborated,experimental — direct assay; 2 independent sources,AI — literature-mined (discovery),confirmed,,"[{""p"": ""42233622"", ""t"": ""WNT2B impairs endosomal trafficking via WASHC5 to inhibit autophagy: a novel non-secretory WNT pathway."", ""y"": ""2026""}, {""p"": ""37467914"", ""t"": ""Role of Caveolin-1 on the molybdenum and cadmium exposure induces pulmonary ferroptosis and fibrosis in the sheep."", ""y"": ""2023""}]","[{""p"": ""33847014"", ""t"": ""Effect of long noncoding RNAs on epithelial-mesenchymal transition in A549 cells and fibrotic human lungs."", ""y"": ""2021"", ""c"": ""did not""}]",validate,Sustained β-catenin (CTNNB1) upregulates collagen driving skin fibrosis — cited PMID 25385294 directly supports (Wnt/β-catenin in SSc/keloid/morphea).,25385294,,
ssc_M2_034,in_map,,M2,transcription,TGFB1__ext;SMAD3_p__cyto,GLI2__nuc,TGF-β up-regulates GLI2 in a SMAD3-dependent manner (non-canonical Hedgehog activation),links TGF-β to the Hedgehog/GLI2 axis in SSc fibroblasts,27793816,10.1136/annrheumdis-2016-209698,The transcription factor GLI2 as a downstream mediator of transforming growth factor-β-induced fibroblast activation in SSc,Ann Rheum Dis 2017,ECO:0000314,experimental — direct assay,TGF-β upregulated GLI2 in a Smad3-dependent manner and induced nuclear accumulation and DNA binding of GLI2.,verbatim (discovery),,,,,1,,KEEP — strong (experimental),experimental — direct assay,AI — literature-mined (discovery),confirmed,,[],[],validate,TGF-β upregulates GLI2 via SMAD3 (non-canonical Hedgehog) — cited PMID 27793816 (non-canonical Hh in SSc) supports.,27793816,,
ssc_M2_035,in_map,,M2,contributes,GLI2__nuc,fibroblast_proFibrotic__cell,GLI2 acts as a downstream mediator of TGF-β-induced fibroblast activation in SSc,Hedgehog/GLI2 as an SSc fibroblast-activation node (new pathway),27793816,10.1136/annrheumdis-2016-209698,The transcription factor GLI2 as a downstream mediator of transforming growth factor-β-induced fibroblast activation in SSc,Ann Rheum Dis 2017,ECO:0000314,experimental — direct assay,The transcription factor GLI2 as a downstream mediator of transforming growth factor-β-induced fibroblast activation in SSc.,verbatim (discovery),,,,,1,,KEEP — strong (experimental),experimental — direct assay,AI — literature-mined (discovery),confirmed,,"[{""p"": ""40849669"", ""t"": ""Single-cell transcriptomic landscape of sciatic nerve after transection injury."", ""y"": ""2025""}, {""p"": ""40622850"", ""t"": ""Biliary YB-1/GLI2 axis facilitates ductular reaction and promotes HSC activation via SPP1/integrin αvβ1 signaling during liver fibrogenesis."", ""y"": ""2026""}, {""p"": ""39182559"", ""t"": ""FGF21 Ameliorates Fibroblasts Activation and Systemic Sclerosis by Inhibiting CK2α/GLI2 Signaling Axis."", ""y"": ""2025""}, {""p"": ""38460793"", ""t"": ""Pkd1l1-deficiency drives biliary atresia through ciliary dysfunction in biliary epithelial cells."", ""y"": ""2024""}, {""p"": ""38117649"", ""t"": ""Non-canonical Hedgehog signaling mediates profibrotic hematopoiesis-stroma crosstalk in myeloproliferative neoplasms."", ""y"": ""2024""}, {""p"": ""38593509"", ""t"": ""Identification of idiopathic pulmonary fibrosis hub genes and exploration of the mechanisms of action of Jinshui Huanxian formula."", ""y"": ""2024""}]","[{""p"": ""39187464"", ""t"": ""Mutual Amplification of GLI2/Hedgehog and Transcription Factor JUN/AP-1 Signaling in Fibroblasts in Systemic Sclerosis: Potential Implications for Combined Therapies."", ""y"": ""2025"", ""c"": ""antifibrotic""}, {""p"": ""35008794"", ""t"": ""Modulation by 17,20S(OH)2pD of Fibrosis-Related Mediators in Dermal Fibroblast Lines from Healthy Donors and from Patients with Systemic Sclerosis."", ""y"": ""2021"", ""c"": ""no effect""}, {""p"": ""41281756"", ""t"": ""TGF-β1/SMAD3-mediated Non-canonical Hedgehog Signaling Promotes Pancreatic Stellate Cell Activation and Fibrosis in Chronic Pancreatitis."", ""y"": ""2025"", ""c"": ""reduces fibrosis""}]",validate,GLI2 mediates TGF-β-induced fibroblast activation — cited PMID 27793816 supports; 39182559 (FGF21/GLI2 in SSc) corroborates.,27793816,,
ssc_M2_036,in_map,,M2,contributes,HTR2B__pm,fibroblast_proFibrotic__cell,Serotonin (5-HT) profibrotic effects on dermal fibroblasts are mediated by the 5-HT2B receptor (HTR2B),platelet-serotonin/5-HT2B axis links SSc vascular damage to fibrosis,21518801,10.1084/jem.20101629,Platelet-derived serotonin links vascular disease and tissue fibrosis,J Exp Med 2011,ECO:0000314,experimental — direct assay,The profibrotic effects of 5-HT are mediated by 5-HT2B,verbatim (discovery),,,,,1,,KEEP — strong (experimental),experimental — direct assay,AI — literature-mined (discovery),confirmed,,"[{""p"": ""25667920"", ""t"": ""5-HT2B receptor antagonists inhibit fibrosis and protect from RV heart failure."", ""y"": ""2015""}, {""p"": ""39032441"", ""t"": ""Preclinical mitigation of 5-HT2B agonism-related cardiac valvulopathy revisited."", ""y"": ""2024""}, {""p"": ""38214279"", ""t"": ""Microdosing psychedelics and the risk of cardiac fibrosis and valvulopathy: Comparison to known cardiotoxins."", ""y"": ""2024""}, {""p"": ""19118279"", ""t"": ""Serotonin 5-HT2B receptor in cardiac fibroblast contributes to cardiac hypertrophy: a new therapeutic target for heart failure?"", ""y"": ""2009""}, {""p"": ""29931963"", ""t"": ""[The expression of 5-HTR2B、E-cad、α-SMA in the pulmonary fibrosis in rats]."", ""y"": ""2016""}, {""p"": ""31787571"", ""t"": ""Serotonin receptors 5-HTR2A and 5-HTR2B are involved in cigarette smoke-induced airway inflammation, mucus hypersecretion and airway remodeling in mice."", ""y"": ""2020""}]","[{""p"": ""33379351"", ""t"": ""Pathological Insight into 5-HT2B Receptor Activation in Fibrosing Interstitial Lung Diseases."", ""y"": ""2020"", ""c"": ""antifibrotic""}, {""p"": ""16614540"", ""t"": ""Lisuride, a dopamine receptor agonist with 5-HT2B receptor antagonist properties: absence of cardiac valvulopathy adverse drug reaction reports supports the concept of a crucial role for 5-HT2B receptor agonism in cardiac valvular fibrosis."", ""y"": ""2006"", ""c"": ""do not""}, {""p"": ""41034989"", ""t"": ""The aggressive colorectal cancer subtype marker HTR2B has a dual role depending on the tumor microenvironment."", ""y"": ""2025"", ""c"": ""no effect""}, {""p"": ""25712664"", ""t"": ""Ergotamine and nicergoline - facts and myths."", ""y"": ""2015"", ""c"": ""do not""}]",validate,"Serotonin/5-HT2B (HTR2B) drives fibroblast ECM synthesis — cited PMID 21518801 (Dees, platelet-serotonin/5-HT2B links vascular damage to fibrosis) directly supports; antagonists reduce fibrosis (25667920).",21518801;25667920,,
ssc_M2_037,in_map,,M2,catalysis,ENPP2__ext,LPAR1__pm,Autotaxin (ENPP2) produces LPA that activates LPAR1,ATX-LPA-LPAR1 axis (ziritaxestat target) in SSc fibrosis,39009409,10.1183/16000617.0015-2024,Lysophosphatidic acid receptor 1 inhibition: a potential treatment target for pulmonary fibrosis,Eur Respir Rev 2024,ECO:0000305,curator inference,The LPA-producing enzyme autotaxin (ATX) and LPAR1 activation contribute to inflammation and mechanisms underlying fibrosis in preclinical fibrotic models.,verbatim (discovery),,,,,1,,VERIFY — curator inference,curator inference,AI — literature-mined (discovery),confirmed,,"[{""p"": ""35220880"", ""t"": ""A defective lysophosphatidic acid-autophagy axis increases miscarriage risk by restricting decidual macrophage residence."", ""y"": ""2022""}, {""p"": ""39062979"", ""t"": ""Autotaxin-Lysophosphatidate Axis: Promoter of Cancer Development and Possible Therapeutic Implications."", ""y"": ""2024""}, {""p"": ""29724718"", ""t"": ""The Autotaxin-Lysophosphatidic Acid Axis Promotes Lung Carcinogenesis."", ""y"": ""2018""}, {""p"": ""36910157"", ""t"": ""Single-cell transcriptome dynamics of the autotaxin-lysophosphatidic acid axis during muscle regeneration reveal proliferative effects in mesenchymal fibro-adipogenic progenitors."", ""y"": ""2023""}, {""p"": ""22744859"", ""t"": ""Pulmonary autotaxin expression contributes to the pathogenesis of pulmonary fibrosis."", ""y"": ""2012""}]",[],validate,Autotaxin (ENPP2) generates LPA activating LPAR1 — cited PMID 39009409 supports the ATX-LPA-LPAR1 axis in SSc/IPF.,39009409,,
ssc_M2_038,in_map,,M2,contributes,LPAR1__pm,fibroblast_proFibrotic__cell,LPA-mediated LPAR1 activation contributes to SSc fibrosis,LPAR1 as a profibrotic node and drug target in SSc,39009409,10.1183/16000617.0015-2024,Lysophosphatidic acid receptor 1 inhibition: a potential treatment target for pulmonary fibrosis,Eur Respir Rev 2024,ECO:0000314,experimental — direct assay,Lysophosphatidic acid (LPA)-mediated activation of LPA receptor 1 (LPAR1) contributes to the pathophysiology of fibrotic diseases such as idiopathic pulmonary f,verbatim (discovery),,,,,1,,KEEP — strong (experimental),experimental — direct assay,AI — literature-mined (discovery),confirmed,,"[{""p"": ""31722201"", ""t"": ""Single-Cell Transcriptomics Uncovers Zonation of Function in the Mesenchyme during Liver Fibrosis."", ""y"": ""2019""}, {""p"": ""35220880"", ""t"": ""A defective lysophosphatidic acid-autophagy axis increases miscarriage risk by restricting decidual macrophage residence."", ""y"": ""2022""}, {""p"": ""37680863"", ""t"": ""Inhibition of LPA-LPAR1 and VEGF-VEGFR2 Signaling in IPF Treatment."", ""y"": ""2023""}, {""p"": ""39524207"", ""t"": ""YAP mediates HIV-related liver fibrosis."", ""y"": ""2024""}, {""p"": ""39062979"", ""t"": ""Autotaxin-Lysophosphatidate Axis: Promoter of Cancer Development and Possible Therapeutic Implications."", ""y"": ""2024""}, {""p"": ""40555342"", ""t"": ""Inflammation-related gene ITGA5 affects the healing of diabetic foot ulcers through PI3K-AKT signaling pathway."", ""y"": ""2025""}]","[{""p"": ""40887574"", ""t"": ""The LPAR1 antagonist, PIPE-791 produces antifibrotic effects in models of lung fibrosis."", ""y"": ""2025"", ""c"": ""reduces fibrosis""}, {""p"": ""39570661"", ""t"": ""Discovery of GS-2278, a Potent and Selective LPAR1 Antagonist for the Treatment of Idiopathic Pulmonary Fibrosis."", ""y"": ""2025"", ""c"": ""antifibrotic""}]",validate,"LPAR1 activation contributes to SSc fibrosis — cited PMID 39009409 supports; LPAR1 antagonists are antifibrotic (40887574) — consistent, not contrary.",39009409,,
ssc_M2_039,in_map,,M2,contributes,TLR4__pm,phenotype_myofibroblast_activation__cell,"TLR4 sensing of endogenous danger ligands drives fibrotic gene expression and myofibroblast differentiation, sensitising to TGF-β",DAMP/TLR4 axis sustains unresolving SSc fibrosis,28964818,10.1016/j.imlet.2017.09.011,Endogenous ligands of TLR4 promote unresolving tissue fibrosis: Implications for systemic sclerosis and its targeted therapy,Immunol Lett 2018,ECO:0000314,experimental — direct assay,"Sensing of these danger signals by TLR4 on resident cells elicits potent stimulatory effects on fibrotic gene expression and myofibroblast differentiation, and ",verbatim (discovery),,,,,1,,KEEP — strong (experimental),experimental — direct assay,AI — literature-mined (discovery),confirmed,,"[{""p"": ""39955992"", ""t"": ""Senescent endothelial cell-derived Galectin 3 promotes silicosis through endothelial-fibroblast and endothelial-macrophage crosstalk."", ""y"": ""2025""}, {""p"": ""17952090"", ""t"": ""TLR4 enhances TGF-beta signaling and hepatic fibrosis."", ""y"": ""2007""}, {""p"": ""40957419"", ""t"": ""A TLR4-dependent fibroblast-monocyte axis in tumor-draining lymph nodes contributes to metastasis in triple-negative breast cancer."", ""y"": ""2025""}, {""p"": ""38917754"", ""t"": ""Gentiopicroside improves NASH and liver fibrosis by suppressing TLR4 and NLRP3 signaling pathways."", ""y"": ""2024""}, {""p"": ""41042124"", ""t"": ""Single Cell and Spatial Transcriptomics Define a Proinflammatory and Profibrotic Niche After Kidney Injury."", ""y"": ""2026""}, {""p"": ""31683033"", ""t"": ""Phillygenin inhibits LPS-induced activation and inflammation of LX2 cells by TLR4/MyD88/NF-κB signaling pathway."", ""y"": ""2020""}]","[{""p"": ""39413786"", ""t"": ""Multiscale drug screening for cardiac fibrosis identifies MD2 as a therapeutic target."", ""y"": ""2024"", ""c"": ""no effect""}, {""p"": ""37196773"", ""t"": ""NQO1 alleviates renal fibrosis by inhibiting the TLR4/NF-κB and TGF-β/Smad signaling pathways in diabetic nephropathy."", ""y"": ""2023"", ""c"": ""protective""}, {""p"": ""39096618"", ""t"": ""Mefunidone alleviates silica-induced inflammation and fibrosis by inhibiting the TLR4-NF-κB/MAPK pathway and attenuating pyroptosis in murine macrophages."", ""y"": ""2024"", ""c"": ""no effect""}, {""p"": ""38763013"", ""t"": ""Zhen-wu-tang protects against myocardial fibrosis by inhibiting M1 macrophage polarization via the TLR4/NF-κB pathway."", ""y"": ""2024"", ""c"": ""protective""}]",validate,TLR4 DAMP sensing sustains myofibroblast activation — cited PMID 28964818 (SSc DAMP/TLR4) supports; 17952090 (TLR4 enhances TGF-β/hepatic fibrosis) corroborates.,28964818;17952090,,
ssc_M2_040,in_map,,M2,contributes,CCN2__ext,fibroblast_proFibrotic__cell,Autocrine CCN2 (CTGF) overexpression maintains the fibrotic fibroblast phenotype in SSc,CTGF autocrine loop sustains SSc fibrosis,10942593,10.1006/excr.2000.4972,Autocrine overexpression of CTGF maintains fibrosis: RDA analysis of fibrosis genes in systemic sclerosis,Exp Cell Res 2000,ECO:0000270,experimental — expression pattern,Autocrine overexpression of CTGF maintains fibrosis: RDA analysis of fibrosis genes in systemic sclerosis.,verbatim (discovery),,,,,1,,KEEP — strong (experimental),experimental — expression pattern,AI — literature-mined (discovery),confirmed,,"[{""p"": ""39994205"", ""t"": ""CCN2 mediates fibroblast-macrophage interaction in knee arthrofibrosis based on single-cell RNA-seq analysis."", ""y"": ""2025""}, {""p"": ""11890876"", ""t"": ""Scleroderma-like cutaneous syndromes."", ""y"": ""2002""}, {""p"": ""27734393"", ""t"": ""CCN2 in Skin Fibrosis."", ""y"": ""2017""}, {""p"": ""40780596"", ""t"": ""Transcription factor MEOX1 accelerates pulmonary fibrosis by regulating mitophagy and senescence."", ""y"": ""2025""}, {""p"": ""11890879"", ""t"": ""Connective tissue growth factor: a new and important player in the pathogenesis of fibrosis."", ""y"": ""2002""}, {""p"": ""28488090"", ""t"": ""Pathogenesis of systemic sclerosis-current concept and emerging treatments."", ""y"": ""2017""}]","[{""p"": ""35491858"", ""t"": ""Tubular cells produce FGF2 via autophagy after acute kidney injury leading to fibroblast activation and renal fibrosis."", ""y"": ""2023"", ""c"": ""reduced fibrosis""}, {""p"": ""38899461"", ""t"": ""Fibroblast Smad7 Induction Protects the Remodeling Pressure-Overloaded Heart."", ""y"": ""2024"", ""c"": ""In contrast""}, {""p"": ""38788399"", ""t"": ""Forsythoside A regulates pulmonary fibrosis by inhibiting endothelial-to-mesenchymal transition and lung fibroblast proliferation via the PTPRB signaling."", ""y"": ""2024"", ""c"": ""protective""}, {""p"": ""38103794"", ""t"": ""Therapeutic strategies to target connective tissue growth factor in fibrotic lung diseases."", ""y"": ""2024"", ""c"": ""antifibrotic""}, {""p"": ""11698729"", ""t"": ""Transforming growth factor-beta and connective tissue growth factor: key cytokines in scleroderma pathogenesis."", ""y"": ""2001"", ""c"": ""independent of""}]",validate,"Autocrine CCN2/CTGF maintains the fibrotic phenotype — cited PMID 10942593 (RDA scleroderma CTGF, Igarashi) directly supports.",10942593;27734393,,
ssc_M2_041,in_map,,M2,activation,phenotype_autoAb_production__ext,PDGFRB__pm,Stimulatory anti-PDGF-receptor autoantibodies activate PDGFRB on SSc fibroblasts,agonistic anti-PDGFR autoantibodies link SSc autoimmunity to fibroblast activation,16990392,10.1056/NEJMc061927,Stimulatory autoantibodies to the PDGF receptor in scleroderma,N Engl J Med 2006,ECO:0000314,experimental — direct assay,Stimulatory autoantibodies to the PDGF receptor in scleroderma.,verbatim (discovery),,,,,1,,KEEP — strong (experimental),experimental — direct assay,AI — literature-mined (discovery),confirmed,,"[{""p"": ""37264161"", ""t"": ""Single-nucleus multiregion transcriptomic analysis of brain vasculature in Alzheimer's disease."", ""y"": ""2023""}, {""p"": ""37196797"", ""t"": ""Apposition of Fibroblasts With Metaplastic Gastric Cells Promotes Dysplastic Transition."", ""y"": ""2023""}, {""p"": ""32472305"", ""t"": ""Pemigatinib: First Approval."", ""y"": ""2020""}, {""p"": ""38239077"", ""t"": ""Inhibition of TGFβ1 activation prevents radiation-induced lung fibrosis."", ""y"": ""2024""}, {""p"": ""36196152"", ""t"": ""Irisin promotes fracture healing by improving osteogenesis and angiogenesis."", ""y"": ""2022""}, {""p"": ""36549436"", ""t"": ""Hepatocyte Ninjurin2 promotes hepatic stellate cell activation and liver fibrosis through the IGF1R/EGR1/PDGF-BB signaling pathway."", ""y"": ""2023""}]","[{""p"": ""34686668"", ""t"": ""A human multi-lineage hepatic organoid model for liver fibrosis."", ""y"": ""2021"", ""c"": ""anti-fibrotic""}, {""p"": ""38652223"", ""t"": ""Exploring the impact of PDGFD in osteosarcoma metastasis through single-cell sequencing analysis."", ""y"": ""2024"", ""c"": ""no significant""}, {""p"": ""24216753"", ""t"": ""Targeting of αv integrin identifies a core molecular pathway that regulates fibrosis in several organs."", ""y"": ""2013"", ""c"": ""did not""}]",caution,"Agonistic/stimulatory anti-PDGFR autoantibodies activating PDGFRB (Baroni 2006, PMID 16990392) is a high-profile but CONTESTED claim — several groups could not reproduce the agonistic activity. Surface to reviewer as disputed.",16990392,,
ssc_M2_042,in_map,,M2,transcription,ADORA2A__pm,COL1A1__ext,Adenosine A2A receptor (ADORA2A) activation stimulates collagen production in SSc dermal fibroblasts,adenosine A2A axis as a profibrotic node in SSc skin,22033526,10.1007/s00109-011-0824-5,Adenosine A2A receptor activation stimulates collagen production in sclerodermic dermal fibroblasts either directly and through a cross-talk with the cannabinoid system,J Mol Med (Berl) 2012,ECO:0000314,experimental — direct assay,Adenosine A2A receptor activation stimulates collagen production in sclerodermic dermal fibroblasts either directly and through a cross-talk with the cannabinoi,verbatim (discovery),,,,,1,,KEEP — strong (experimental),experimental — direct assay,AI — literature-mined (discovery),confirmed,,[],[],validate,Adenosine A2A receptor (ADORA2A) stimulates collagen in SSc fibroblasts — cited PMID 22033526 directly supports.,22033526,,
ssc_M2_043,in_map,,M2,inhibition,DKK1__ext,CTNNB1__nuc,"DKK1 antagonises Wnt/β-catenin; it is downregulated by promoter hypermethylation in SSc, derepressing Wnt",epigenetic loss of the Wnt antagonist DKK1 amplifies fibrotic Wnt signalling in SSc,23698475,10.1136/annrheumdis-2012-203194,The Wnt antagonists DKK1 and SFRP1 are downregulated by promoter hypermethylation in systemic sclerosis,Ann Rheum Dis 2014,ECO:0000270,experimental — expression pattern,The Wnt antagonists DKK1 and SFRP1 are downregulated by promoter hypermethylation in systemic sclerosis.,verbatim (discovery),,,,,1,,KEEP — strong (experimental),experimental — expression pattern,AI — literature-mined (discovery),confirmed,,"[{""p"": ""29786110"", ""t"": ""Multi‐layered prevention and treatment of chronic inflammation, organ fibrosis and cancer associated with canonical WNT/β‐catenin signaling activation (Review)."", ""y"": ""2018""}, {""p"": ""37182601"", ""t"": ""EZH2 activates Wnt/β-catenin signaling in human uterine fibroids, which is inhibited by the natural compound methyl jasmonate."", ""y"": ""2023""}]","[{""p"": ""40690007"", ""t"": ""The link between Wnt-related, stress-related, and circadian genes in the dermal fibroblasts of individuals with attention-deficit hyperactivity disorder."", ""y"": ""2026"", ""c"": ""did not""}, {""p"": ""38158162"", ""t"": ""Investigation of iso-propylchaetominine anticancer activity on apoptosis, cell cycle and Wnt signaling pathway in different cancer models."", ""y"": ""2024"", ""c"": ""no significant""}]",validate,DKK1 antagonises Wnt/β-catenin and is epigenetically silenced in SSc — cited PMID 23698475 (Wnt antagonist hypermethylation in SSc) supports.,23698475,,
ssc_M2_044,in_map,,M2,state_change,MTOR__cyto,JUNB__nuc,Altered mTOR/Akt signalling stabilises JunB by failing its proteolytic degradation in SSc,mTOR/Akt axis driving JunB accumulation in SSc fibroblasts,25303440,10.1002/art.38897,Failed degradation of JunB contributes to overproduction of type I collagen and development of dermal fibrosis in patients with systemic sclerosis,Arthritis Rheumatol 2015,ECO:0000314,experimental — direct assay,the accumulation of JunB resulting from altered mTOR/Akt signaling and a failure of proteolytic degradation underpins the aberrant overexpression of type I coll,verbatim (discovery),,,,,1,,KEEP — strong (experimental),experimental — direct assay,AI — literature-mined (discovery),confirmed,,"[{""p"": ""36835413"", ""t"": ""Crosstalk of Inflammatory Cytokines within the Breast Tumor Microenvironment."", ""y"": ""2023""}]",[],validate,mTOR/Akt stabilises JunB by failed degradation — cited PMID 25303440 (AP-1/JunB in SSc collagen) supports.,25303440,,
ssc_M2_045,in_map,,M2,transcription,JUNB__nuc,COL1A1__ext,Accumulated JunB underpins aberrant overexpression of type I collagen in SSc,JunB as a profibrotic TF driving collagen in SSc,25303440,10.1002/art.38897,Failed degradation of JunB contributes to overproduction of type I collagen and development of dermal fibrosis in patients with systemic sclerosis,Arthritis Rheumatol 2015,ECO:0000314,experimental — direct assay,the accumulation of JunB resulting from altered mTOR/Akt signaling and a failure of proteolytic degradation underpins the aberrant overexpression of type I coll,verbatim (discovery),,,,,1,,KEEP — strong (experimental),experimental — direct assay,AI — literature-mined (discovery),confirmed,,"[{""p"": ""38420807"", ""t"": ""Single-Cell Transcriptome Analysis Identified Core Genes and Transcription Factors in Mesenchymal Cell Differentiation during Liver Cirrhosis."", ""y"": ""2024""}, {""p"": ""27936102"", ""t"": ""AM251 Suppresses Epithelial-Mesenchymal Transition of Renal Tubular Epithelial Cells."", ""y"": ""2016""}, {""p"": ""39712244"", ""t"": ""Identification of genetic associations between acute myocardial infarction and non-small cell lung cancer."", ""y"": ""2024""}, {""p"": ""37621558"", ""t"": ""Identification of hub genes and key signaling pathways by weighted gene co-expression network analysis for human aortic stenosis and insufficiency."", ""y"": ""2023""}, {""p"": ""26909883"", ""t"": ""RNA-seq analysis of clinical-grade osteochondral allografts reveals activation of early response genes."", ""y"": ""2016""}]","[{""p"": ""41746718"", ""t"": ""RNA-binding protein LARP6 coordinates hepatic stellate cell activation and liver fibrosis."", ""y"": ""2026"", ""c"": ""attenuated fibrosis""}]",validate,Accumulated JunB drives type-I collagen overexpression in SSc — cited PMID 25303440 directly supports.,25303440,,
ssc_M2_046,in_map,,M2,contributes,NICD1__cyto,fibroblast_proFibrotic__cell,Notch (NICD1) signalling regulates fibroblast activation and collagen release in SSc,direct Notch->fibroblast activation axis (distinct from EndoMT role),21450749,10.1136/ard.2010.134742,Notch signalling regulates fibroblast activation and collagen release in systemic sclerosis,Ann Rheum Dis 2011,ECO:0000314,experimental — direct assay,Notch signalling regulates fibroblast activation and collagen release in systemic sclerosis.,verbatim (discovery),,,,,1,,KEEP — strong (experimental),experimental — direct assay,AI — literature-mined (discovery),confirmed,,"[{""p"": ""32499639"", ""t"": ""Notch signalling drives synovial fibroblast identity and arthritis pathology."", ""y"": ""2020""}, {""p"": ""38799455"", ""t"": ""Macrophage polarization in rheumatoid arthritis: signaling pathways, metabolic reprogramming, and crosstalk with synovial fibroblasts."", ""y"": ""2024""}, {""p"": ""36289173"", ""t"": ""Endometriosis: Cellular and Molecular Mechanisms Leading to Fibrosis."", ""y"": ""2023""}, {""p"": ""38460791"", ""t"": ""Endothelial POFUT1 controls injury-induced liver fibrosis by repressing fibrinogen synthesis."", ""y"": ""2024""}, {""p"": ""38330107"", ""t"": ""Corpora cavernosa fibroblasts mediate penile erection."", ""y"": ""2024""}, {""p"": ""38841857"", ""t"": ""Molecular Changes Implicate Angiogenesis and Arterial Remodeling in Systemic Sclerosis-Associated and Idiopathic Pulmonary Hypertension."", ""y"": ""2024""}]","[{""p"": ""38335304"", ""t"": ""Single-Cell Analysis Identifies NOTCH3-Mediated Interactions between Stromal Cells That Promote Microenvironment Remodeling and Invasion in Lung Adenocarcinoma."", ""y"": ""2024"", ""c"": ""do not""}, {""p"": ""26779814"", ""t"": ""Targeting of the pulmonary capillary vascular niche promotes lung alveolar repair and ameliorates fibrosis."", ""y"": ""2016"", ""c"": ""reduces fibrosis""}]",validate,Notch (NICD1) drives fibroblast activation/collagen in SSc — cited PMID 21450749 directly supports.,21450749,,
ssc_M2_047,in_map,,M2,contributes,CDH11__pm,phenotype_myofibroblast_activation__cell,Cadherin-11 (CDH11) mediates dermal fibrosis in SSc,CDH11 cell-cell adhesion drives myofibroblast organisation in SSc dermal fibrosis,24757152,10.1002/art.38275,Identification of cadherin 11 as a mediator of dermal fibrosis and possible role in systemic sclerosis,Arthritis Rheumatol 2014,ECO:0000314,experimental — direct assay,Identification of cadherin 11 as a mediator of dermal fibrosis and possible role in systemic sclerosis.,verbatim (discovery),,,,,1,,KEEP — strong (experimental),experimental — direct assay,AI — literature-mined (discovery),confirmed,,"[{""p"": ""37507073"", ""t"": ""Stricturing Crohn's Disease Single-Cell RNA Sequencing Reveals Fibroblast Heterogeneity and Intercellular Interactions."", ""y"": ""2023""}, {""p"": ""31436586"", ""t"": ""Macrophages and cadherins in fibrosis and systemic sclerosis."", ""y"": ""2019""}, {""p"": ""36050483"", ""t"": ""ZFP281 drives a mesenchymal-like dormancy program in early disseminated breast cancer cells that prevents metastatic outgrowth in the lung."", ""y"": ""2022""}, {""p"": ""40877928"", ""t"": ""Regulation of fibroblast-like synoviocyte function by cadherin 6 in rheumatoid arthritis."", ""y"": ""2025""}, {""p"": ""38034129"", ""t"": ""Cdh11: Roles in different diseases and potential value in disease diagnosis and treatment."", ""y"": ""2023""}, {""p"": ""35662129"", ""t"": ""Cadherin-11 and Its Role in Tissue Fibrosis."", ""y"": ""2023""}]","[{""p"": ""41329017"", ""t"": ""CDH11 Contributes to Airway Neutrophilic Inflammation in Severe Asthma via FGFR1."", ""y"": ""2025"", ""c"": ""no effect""}, {""p"": ""30509494"", ""t"": ""CDH11 promotes liver fibrosis via activation of hepatic stellate cells."", ""y"": ""2019"", ""c"": ""anti-fibrotic""}, {""p"": ""38447248"", ""t"": ""CADHERIN-11 regulation of myeloid phagocytes and autoimmune inflammation in murine lupus."", ""y"": ""2024"", ""c"": ""Paradoxical""}]",validate,Cadherin-11 (CDH11) mediates SSc dermal fibrosis — cited PMID 24757152 directly supports; 35662129 (CDH11 in tissue fibrosis) corroborates.,24757152,,
ssc_M4_018,in_map,,M4,transcription,fibroblast_proFibrotic__cell,CCL2__ext,"SSc fibroblasts overexpress CCL2 (MCP-1), recruiting monocytes that amplify fibrosis",fibroblast-derived CCL2 links fibrosis to monocyte recruitment in SSc,18984611,10.1093/rheumatology/ken401,Monocyte chemoattractant proteins in the pathogenesis of systemic sclerosis,Rheumatology (Oxford) 2009,ECO:0000270,experimental — expression pattern,MCP-1 and -3 are overexpressed by SSc fibroblasts and in skin lesions from SSc patients compared to healthy controls.,verbatim (discovery),,,,,1,,KEEP — strong (experimental),experimental — expression pattern,AI — literature-mined (discovery),confirmed,,"[{""p"": ""32035984"", ""t"": ""Single-cell transcriptome analysis of human skin identifies novel fibroblast subpopulation and enrichment of immune subsets in atopic dermatitis."", ""y"": ""2020""}, {""p"": ""37137915"", ""t"": ""Lung endothelial cells regulate pulmonary fibrosis through FOXF1/R-Ras signaling."", ""y"": ""2023""}, {""p"": ""27340270"", ""t"": ""The Biological Basis for Cardiac Repair After Myocardial Infarction: From Inflammation to Fibrosis."", ""y"": ""2016""}, {""p"": ""39915054"", ""t"": ""YAP/TAZ are crucial regulators of macrophage-mediated pulmonary inflammation and fibrosis after bleomycin-induced injury."", ""y"": ""2025""}, {""p"": ""39580151"", ""t"": ""Spatial dissection of tumour microenvironments in gastric cancers reveals the immunosuppressive crosstalk between CCL2+ fibroblasts and STAT3-activated macrophages."", ""y"": ""2025""}, {""p"": ""40957419"", ""t"": ""A TLR4-dependent fibroblast-monocyte axis in tumor-draining lymph nodes contributes to metastasis in triple-negative breast cancer."", ""y"": ""2025""}]",[],validate,SSc fibroblasts overexpress CCL2/MCP-1 recruiting monocytes — cited PMID 18984611 (MCP-1/MCP-3 in SSc) directly supports.,18984611,,
ssc_M2_048,in_map,,M2,contributes,LGALS3__ext,fibroblast_proFibrotic__cell,Galectin-3 (LGALS3) acts as a central pro-fibrotic regulator in tissue fibrosis,"galectin-3 increased in SSc skin fibrosis, profibrotic node",36499646,10.3390/ijms232315319,Increased Expression of Galectin-3 in Skin Fibrosis: Evidence from In Vitro and In Vivo Studies,Int J Mol Sci 2022,ECO:0000314,experimental — direct assay,"Galectin-3 (GAL-3) has emerged as a central regulator of tissue fibrosis, playing an important pro-fibrotic role in numerous organs.",verbatim (discovery),,,,,1,,KEEP — strong (experimental),experimental — direct assay,AI — literature-mined (discovery),confirmed,,"[{""p"": ""37061196"", ""t"": ""An integrated view of anti-inflammatory and antifibrotic targets for the treatment of NASH."", ""y"": ""2023""}, {""p"": ""37391294"", ""t"": ""Targeting galectin-3 in inflammatory and fibrotic diseases."", ""y"": ""2023""}, {""p"": ""39955992"", ""t"": ""Senescent endothelial cell-derived Galectin 3 promotes silicosis through endothelial-fibroblast and endothelial-macrophage crosstalk."", ""y"": ""2025""}, {""p"": ""39084257"", ""t"": ""Galectin-3 contributes to pathogenesis of IgA nephropathy."", ""y"": ""2024""}, {""p"": ""37418531"", ""t"": ""Single-cell and spatial transcriptomics identify a macrophage population associated with skeletal muscle fibrosis."", ""y"": ""2023""}, {""p"": ""39595213"", ""t"": ""Involvement of Lgals3/Galectin-3 in Choroidal Neovascularization and Subretinal Fibrosis Formation."", ""y"": ""2024""}]","[{""p"": ""37224653"", ""t"": ""Macrophage in liver Fibrosis: Identities and mechanisms."", ""y"": ""2023"", ""c"": ""In contrast""}, {""p"": ""31812510"", ""t"": ""Effects of Belapectin, an Inhibitor of Galectin-3, in Patients With Nonalcoholic Steatohepatitis With Cirrhosis and Portal Hypertension."", ""y"": ""2020"", ""c"": ""no significant""}]",validate,Galectin-3 (LGALS3) is a pro-fibrotic regulator increased in SSc skin — cited PMID 36499646 supports.,36499646,,
ssc_M2_049,in_map,,M2,activation,WNT5A__ext,TGFB1__ext,WNT5A/JNK/ROCK signalling coordinates activation of latent TGF-β,non-canonical WNT5A links Wnt to latent TGF-β activation in fibrosis,38747285,10.1172/JCI159884,Noncanonical WNT5A controls the activation of latent TGF-β to drive fibroblast activation and tissue fibrosis,J Clin Invest 2024,ECO:0000314,experimental — direct assay,we demonstrate a crucial role of WNT5A/JNK/ROCK signaling that rapidly coordinates the activation of latent TGF-β in fibrotic diseases.,verbatim (discovery),,,,,1,,KEEP — strong (experimental),experimental — direct assay,AI — literature-mined (discovery),confirmed,,"[{""p"": ""28409151"", ""t"": ""Temporal Changes in Gene Expression Profile during Mature Adipocyte Dedifferentiation."", ""y"": ""2017""}, {""p"": ""32977422"", ""t"": ""Hair Growth Activity of Three Plants of the Polynesian Cosmetopoeia and Their Regulatory Effect on Dermal Papilla Cells."", ""y"": ""2020""}, {""p"": ""32567373"", ""t"": ""Clinical Management and Therapeutic Strategies for the Thyroid-Associated Ophthalmopathy: Current and Future Perspectives."", ""y"": ""2020""}]","[{""p"": ""20676061"", ""t"": ""Unique microRNA profile in Dupuytren's contracture supports deregulation of β-catenin pathway."", ""y"": ""2010"", ""c"": ""no significant""}]",validate,WNT5A/JNK/ROCK activates latent TGF-β — cited PMID 38747285 directly supports in SSc/IPF.,38747285,,
ssc_M2_050,in_map,,M2,transcription,GLI2__nuc,CLIC4__cyto,GLI2 upregulation mediates induction of pro-fibrotic CLIC4 in dermal fibroblasts,extends the Hedgehog/GLI2 axis to the pro-fibrotic effector CLIC4,35159339,10.3390/cells11030530,Induction of Pro-Fibrotic CLIC4 in Dermal Fibroblasts by TGF-β/Wnt3a Is Mediated by GLI2 Upregulation,Cells 2022,ECO:0000314,experimental — direct assay,Induction of Pro-Fibrotic CLIC4 in Dermal Fibroblasts by TGF-β/Wnt3a Is Mediated by GLI2 Upregulation.,verbatim (discovery),,,,,1,,KEEP — strong (experimental),experimental — direct assay,AI — literature-mined (discovery),confirmed,,[],[],validate,GLI2 induces pro-fibrotic CLIC4 — cited PMID 35159339 supports (TGF-β/SMAD3 + Hh/GLI drive CLIC4).,35159339,,
ssc_M2_051,in_map,,M2,contributes,NOTCH2__pm,phenotype_myofibroblast_activation__cell,NOTCH2 promotes myofibroblast activation (the direct target of antifibrotic miR-16-5p),NOTCH2-driven myofibroblast activation in SSc,33411678,10.18632/aging.202308,MiR-16-5p suppresses myofibroblast activation in systemic sclerosis by inhibiting NOTCH signaling,Aging (Albany NY) 2020,ECO:0000314,experimental — direct assay,miR-16-5p was able to bind directly to NOTCH2 and inhibit myofibroblast activation.,verbatim (discovery),,,,,1,,KEEP — strong (experimental),experimental — direct assay,AI — literature-mined (discovery),confirmed,,"[{""p"": ""29786110"", ""t"": ""Multi‐layered prevention and treatment of chronic inflammation, organ fibrosis and cancer associated with canonical WNT/β‐catenin signaling activation (Review)."", ""y"": ""2018""}, {""p"": ""32692579"", ""t"": ""Single-Cell Reconstruction of Human Basal Cell Diversity in Normal and Idiopathic Pulmonary Fibrosis Lungs."", ""y"": ""2020""}, {""p"": ""40908548"", ""t"": ""Sympathetic Activation Promotes Kidney Fibrosis in Mice via Macrophage-Derived N2ICD-Enriched Extracellular Vesicles."", ""y"": ""2025""}, {""p"": ""40345585"", ""t"": ""NOTCH2 disrupts the synovial fibroblast identity and the inflammatory response of epiphyseal chondrocytes."", ""y"": ""2025""}, {""p"": ""31894255"", ""t"": ""Precision medicine for human cancers with Notch signaling dysregulation (Review)."", ""y"": ""2020""}, {""p"": ""34588551"", ""t"": ""Single-cell and bulk transcriptomics of the liver reveals potential targets of NASH with fibrosis."", ""y"": ""2021""}]","[{""p"": ""39505846"", ""t"": ""Induction of a distinct macrophage population and protection from lung injury and fibrosis by Notch2 blockade."", ""y"": ""2024"", ""c"": ""does not""}, {""p"": ""39798343"", ""t"": ""Celastrol ameliorates fibrosis in Western diet/tetrachloromethane-induced nonalcoholic steatohepatitis by suppressing Notch/osteopontin signaling."", ""y"": ""2025"", ""c"": ""protective""}]",validate,NOTCH2 promotes myofibroblast activation (miR-16-5p target) — cited PMID 33411678 (SSc) supports.,33411678,,
ssc_M2_052,in_map,,M2,contributes,EREG__ext;EGFR__pm,fibroblast_proFibrotic__cell,"Dendritic-cell-derived epiregulin (EREG), an EGFR ligand, maintains skin and lung fibrosis",DC-EREG-EGFR axis sustaining SSc fibrosis,36490328,10.1126/sciimmunol.abq6691,Epiregulin is a dendritic cell-derived EGFR ligand that maintains skin and lung fibrosis,Sci Immunol 2022,ECO:0000314,experimental — direct assay,Epiregulin is a dendritic cell-derived EGFR ligand that maintains skin and lung fibrosis,verbatim (discovery),,,,,1,,KEEP — strong (experimental),experimental — direct assay,AI — literature-mined (discovery),confirmed,,"[{""p"": ""34884633"", ""t"": ""The Role of EREG/EGFR Pathway in Tumor Progression."", ""y"": ""2021""}, {""p"": ""34326696"", ""t"": ""Single-cell transcriptomics reveals heterogeneous progression and EGFR activation in pancreatic adenosquamous carcinoma."", ""y"": ""2021""}, {""p"": ""39750963"", ""t"": ""dEREGulated pathways: unraveling the role of epiregulin in skin, kidney, and lung fibrosis."", ""y"": ""2025""}, {""p"": ""33520984"", ""t"": ""Epiregulin (EREG) and Myocardin Related Transcription Factor A (MRTF-A) Form a Feedforward Loop to Drive Hepatic Stellate Cell Activation."", ""y"": ""2020""}, {""p"": ""40725178"", ""t"": ""NR4A1 Mediates Bronchopulmonary Dysplasia-Like Lung Injury Induced by Intrauterine Inflammation in Mouse Offspring."", ""y"": ""2025""}, {""p"": ""29091309"", ""t"": ""Epiregulin (EREG) is upregulated through an IL-1β autocrine loop in Caco-2 epithelial cells with reduced CFTR function."", ""y"": ""2018""}]","[{""p"": ""40961242"", ""t"": ""Sclerotic GVHD and scleroderma share dysregulated gene expression that is ameliorated by EREG therapeutic antibody."", ""y"": ""2025"", ""c"": ""antifibrotic""}, {""p"": ""41326761"", ""t"": ""N-phenylquinazolin-4-amine-based EGFR TKIs suppress pulmonary fibrosis by modulating the EGFR/ERBB3 axis in epithelial-macrophage interaction."", ""y"": ""2025"", ""c"": ""attenuated fibrosis""}]",validate,"DC-derived epiregulin (EREG)/EGFR maintains skin/lung fibrosis — cited PMID 36490328 (Sci Immunol, SSc) directly supports; 40961242 confirms EREG required for SSc skin fibrosis.",36490328,,
ssc_M3_026,in_map,,M3,activation,phenotype_autoAb_production__ext;AGTR1__pm;EDNRA__pm,TGFB1__ext,Agonistic anti-AT1R/anti-ETAR autoantibodies from SSc patients induce TGF-β production by dermal microvascular endothelial cells,agonistic GPCR autoantibodies link SSc autoimmunity to TGF-β/vasculopathy,26970493,10.1016/j.autrev.2016.03.005,Vascular hypothesis revisited: Role of stimulating antibodies against angiotensin and endothelin receptors in the pathogenesis of systemic sclerosis,Autoimmun Rev 2016,ECO:0000314,experimental — direct assay,stimulating anti-AT1R and anti-ETAR derived from SSc patients induce a variety of cellular responses such as production of TGF-β by human dermal microvascular e,verbatim (discovery),,,,,1,,KEEP — strong (experimental),experimental — direct assay,AI — literature-mined (discovery),confirmed,,[],[],validate,"Agonistic anti-AT1R/anti-ETAR autoantibodies induce endothelial TGF-β — cited PMID 26970493 (agonistic AT1R/ETAR autoAb in SSc, Riemekasten) supports; distinct from the contested anti-PDGFR claim.",26970493,,
ssc_M2_053,in_map,,M2,inhibition,FLI1__nuc,COL1A1__ext,FLI1 is a collagen-suppressor gene; its epigenetic repression/methylation in SSc derepresses collagen synthesis,FLI1 epigenetic silencing is an SSc-signature lesion driving collagen overexpression,19863377,10.1080/08916930903002487,Mechanisms of vascular damage in systemic sclerosis,Autoimmunity 2009,ECO:0000314,experimental — direct assay,collagen synthesis was speciﬁcally linked to the epigenetic repression and the methylation status of the collagen suppressor gene FLI1 and its promoter [11].,verbatim (discovery),,,,,1,,KEEP — strong (experimental),experimental — direct assay,AI — literature-mined (discovery),confirmed,,"[{""p"": ""33487713"", ""t"": ""Superficial CD34-Positive Fibroblastic Tumor: Report of an Extremely Rare Entity."", ""y"": ""2020""}, {""p"": ""16829517"", ""t"": ""Fli1 and Ets1 have distinct roles in connective tissue growth factor/CCN2 gene regulation and induction of the profibrotic gene program."", ""y"": ""2006""}, {""p"": ""10935500"", ""t"": ""Tel, a frequent target of leukemic translocations, induces cellular aggregation and influences expression of extracellular matrix components."", ""y"": ""1999""}, {""p"": ""25562121"", ""t"": ""Wound healing genes and susceptibility to cutaneous leishmaniasis in Brazil: role of COL1A1."", ""y"": ""2015""}, {""p"": ""34612781"", ""t"": ""Overexpression of EWSR1 (Ewing sarcoma breakpoint region 1/EWS RNA binding protein 1) predicts poor survival in patients with hepatocellular carcinoma."", ""y"": ""2021""}, {""p"": ""15500711"", ""t"": ""[Diagnostic significance and clinical application of specific chimeric genes in soft tissue sarcomas by RT-PCR using paraffin-embedded tissues: a study of 103 specimens]."", ""y"": ""2004""}]",[],validate,FLI1 represses COL1A1; its epigenetic silencing derepresses collagen in SSc — cited PMID 19863377 is an SSc vascular review (weak for this edge); dossier 16829517 (Fli1 represses CCN2) and 25562121 (Fli1 suppresses Col1a1) are stronger.,16829517;25562121,,
ssc_M2_054,in_map,,M2,transcription,TGFB1__ext,LGALS3__ext,Galectin-3 (LGALS3) is a downstream regulator of TGF-β1 action,places galectin-3 downstream of TGF-β in the SSc fibrotic program,22700848,10.1177/0300985812450718,Immunophenotypical characterization of macrophages in rat bleomycin-induced scleroderma,Vet Pathol 2013,ECO:0000314,experimental — direct assay,"Galectin-3, a b-galacto- side–binding animal lectin secreted by macrophages, has been considered a downstream regulator of TGF-b1 action.",verbatim (discovery),,,,,1,,KEEP — strong (experimental),experimental — direct assay,AI — literature-mined (discovery),confirmed,,"[{""p"": ""39073023"", ""t"": ""Galectin 3-binding protein (LGALS3BP) depletion attenuates hepatic fibrosis by reducing transforming growth factor-β1 (TGF-β1) availability and inhibits hepatocarcinogenesis."", ""y"": ""2024""}, {""p"": ""35327386"", ""t"": ""Urinary Galectin-3 as a Novel Biomarker for the Prediction of Renal Fibrosis and Kidney Disease Progression."", ""y"": ""2022""}, {""p"": ""37958504"", ""t"": ""Pioglitazone Protects Tubular Epithelial Cells during Kidney Fibrosis by Attenuating miRNA Dysregulation and Autophagy Dysfunction Induced by TGF-β."", ""y"": ""2023""}, {""p"": ""17852852"", ""t"": ""Multiple inflammatory-, tissue remodelling- and fibrosis genes are differentially transcribed in the livers of Abcb4 (-/ - ) mice harbouring chronic cholangitis."", ""y"": ""2007""}, {""p"": ""42262404"", ""t"": ""Multiplexed targeted mRNA profiling of alcohol-related liver disease reveals stage-specific dysregulation of signaling pathways."", ""y"": ""2026""}, {""p"": ""41572406"", ""t"": ""Macrophage surface protein Mac-2 mediates inflammatory and stromal stress pathways in doxorubicin-induced cardiac injury."", ""y"": ""2026""}]","[{""p"": ""35441327"", ""t"": ""Galectin-3 interferes with tissue repair and promotes cardiac dysfunction and comorbidities in a genetic heart failure model."", ""y"": ""2022"", ""c"": ""protective""}]",validate,Galectin-3 (LGALS3) acts downstream of TGF-β1 — cited PMID 22700848 (scleroderma bleomycin/macrophage-galectin model) supports; direction plausible.,22700848,,
ssc_M2_055,in_map,,M2,contributes,PDGFRB__pm,phenotype_myofibroblast_activation__cell,"Stimulatory PDGFR signalling induces Ha-Ras/ERK/ROS, type I collagen and myofibroblast conversion in fibroblasts",downstream of agonistic anti-PDGFR autoantibodies in SSc,16790699,10.1056/NEJMoa052955,Stimulatory autoantibodies to the PDGF receptor in systemic sclerosis,N Engl J Med 2006,ECO:0000314,experimental — direct assay,Stimulatory PDGFR antibodies selectively induced the Ha-Ras-ERK1/2 and ROS cascades and stimulated type I collagen–gene expression and myofibroblast phenotype c,verbatim (discovery),,,,,1,,KEEP — strong (experimental),experimental — direct assay,AI — literature-mined (discovery),confirmed,,"[{""p"": ""37264161"", ""t"": ""Single-nucleus multiregion transcriptomic analysis of brain vasculature in Alzheimer's disease."", ""y"": ""2023""}, {""p"": ""37196797"", ""t"": ""Apposition of Fibroblasts With Metaplastic Gastric Cells Promotes Dysplastic Transition."", ""y"": ""2023""}, {""p"": ""32472305"", ""t"": ""Pemigatinib: First Approval."", ""y"": ""2020""}, {""p"": ""38239077"", ""t"": ""Inhibition of TGFβ1 activation prevents radiation-induced lung fibrosis."", ""y"": ""2024""}, {""p"": ""36196152"", ""t"": ""Irisin promotes fracture healing by improving osteogenesis and angiogenesis."", ""y"": ""2022""}, {""p"": ""36549436"", ""t"": ""Hepatocyte Ninjurin2 promotes hepatic stellate cell activation and liver fibrosis through the IGF1R/EGR1/PDGF-BB signaling pathway."", ""y"": ""2023""}]","[{""p"": ""34686668"", ""t"": ""A human multi-lineage hepatic organoid model for liver fibrosis."", ""y"": ""2021"", ""c"": ""anti-fibrotic""}, {""p"": ""38652223"", ""t"": ""Exploring the impact of PDGFD in osteosarcoma metastasis through single-cell sequencing analysis."", ""y"": ""2024"", ""c"": ""no significant""}, {""p"": ""24216753"", ""t"": ""Targeting of αv integrin identifies a core molecular pathway that regulates fibrosis in several organs."", ""y"": ""2013"", ""c"": ""did not""}]",validate,Anti-PDGFR signalling / PDGFRB in SSc fibroblasts — cited PMID 16790699 (SSc) on-topic.,16790699,,
ssc_M4_019,in_map,,M4,activation,macrophage_proFibrotic__cell,TGFB1__ext,Macrophage-derived TGF-β stimulates myofibroblasts to produce extracellular-matrix proteins,adds the profibrotic macrophage as a TGF-β source in SSc,27156795,10.1016/j.jdermsci.2016.04.006,"Paquinimod reduces skin fibrosis in tight skin 1 mice, an experimental model of systemic sclerosis",J Dermatol Sci 2016,ECO:0000314,experimental — direct assay,Macrophage-derived TGFb stimulates myoﬁbroblasts to produce various extracellular matrix (ECM) proteins and inhib- itors of metalloproteases that are involved i,verbatim (discovery),,,,,1,,KEEP — strong (experimental),experimental — direct assay,AI — literature-mined (discovery),confirmed,,"[{""p"": ""40269162"", ""t"": ""Spatial mapping of transcriptomic plasticity in metastatic pancreatic cancer."", ""y"": ""2025""}, {""p"": ""39474980"", ""t"": ""PKM2-Driven Lactate Overproduction Triggers Endothelial-To-Mesenchymal Transition in Ischemic Flap via Mediating TWIST1 Lactylation."", ""y"": ""2024""}, {""p"": ""37978868"", ""t"": ""Autophagy activates EGR1 via MAPK/ERK to induce FGF2 in renal tubular cells for fibroblast activation and fibrosis during maladaptive kidney repair."", ""y"": ""2024""}, {""p"": ""37752256"", ""t"": ""HK-2 cell response to TGF-β highly depends on cell culture medium formulations."", ""y"": ""2024""}, {""p"": ""39919897"", ""t"": ""ITGA5+ synovial fibroblasts orchestrate proinflammatory niche formation by remodelling the local immune microenvironment in rheumatoid arthritis."", ""y"": ""2025""}]","[{""p"": ""35491858"", ""t"": ""Tubular cells produce FGF2 via autophagy after acute kidney injury leading to fibroblast activation and renal fibrosis."", ""y"": ""2023"", ""c"": ""reduced fibrosis""}, {""p"": ""34349032"", ""t"": ""TGFβ2 and TGFβ3 isoforms drive fibrotic disease pathogenesis."", ""y"": ""2021"", ""c"": ""does not""}, {""p"": ""39373248"", ""t"": ""Fibroblast-specific TGF-β signaling mediates cardiac dysfunction, fibrosis, and hypertrophy in obese diabetic mice."", ""y"": ""2024"", ""c"": ""protective""}, {""p"": ""38070245"", ""t"": ""Formononetin ameliorates isoproterenol induced cardiac fibrosis through improving mitochondrial dysfunction."", ""y"": ""2024"", ""c"": ""protective""}, {""p"": ""40383937"", ""t"": ""TRIM16 mediates secretory autophagy in head and neck cancer-associated fibroblasts."", ""y"": ""2025"", ""c"": ""independent of""}]",validate,Pro-fibrotic macrophage-derived TGF-β stimulates myofibroblast ECM — cited PMID 27156795 (SSc macrophages as TGF-β source) supports.,27156795,,
ssc_M2_056,in_map,,M2,contributes,NOX4__cyto,phenotype_myofibroblast_activation__cell,NOX4-dependent H2O2 production drives TGF-β1-induced myofibroblast differentiation,NOX4/ROS as a redox node in SSc myofibroblast differentiation,25040787,10.1111/exd.12497,Is Nox4 a key regulator of the activated state of fibroblasts in systemic sclerosis?,Exp Dermatol 2014,ECO:0000314,experimental — direct assay,myoﬁbroblast differentiation of human foetal lung mesenchymal cells were Nox4-dependent,verbatim (discovery),,,,,1,,KEEP — strong (experimental),experimental — direct assay,AI — literature-mined (discovery),confirmed,,"[{""p"": ""37690165"", ""t"": ""Oxidatively stressed extracellular microenvironment drives fibroblast activation and kidney fibrosis."", ""y"": ""2023""}, {""p"": ""38060313"", ""t"": ""Mitochondria- and NOX4-dependent antioxidant defense mitigates progression to nonalcoholic steatohepatitis in obesity."", ""y"": ""2023""}, {""p"": ""37871532"", ""t"": ""Cardiomyocyte NOX4 regulates resident macrophage-mediated inflammation and diastolic dysfunction in stress cardiomyopathy."", ""y"": ""2023""}, {""p"": ""30262993"", ""t"": ""Polydatin attenuates diet-induced nonalcoholic steatohepatitis and fibrosis in mice."", ""y"": ""2018""}, {""p"": ""35568871"", ""t"": ""SIRT1 prevents cigarette smoking-induced lung fibroblasts activation by regulating mitochondrial oxidative stress and lipid metabolism."", ""y"": ""2022""}, {""p"": ""32122909"", ""t"": ""NOX4 Inhibition Potentiates Immunotherapy by Overcoming Cancer-Associated Fibroblast-Mediated CD8 T-cell Exclusion from Tumors."", ""y"": ""2020""}]","[{""p"": ""38844470"", ""t"": ""HOXD10 attenuates renal fibrosis by inhibiting NOX4-induced ferroptosis."", ""y"": ""2024"", ""c"": ""attenuated fibrosis""}, {""p"": ""37196773"", ""t"": ""NQO1 alleviates renal fibrosis by inhibiting the TLR4/NF-κB and TGF-β/Smad signaling pathways in diabetic nephropathy."", ""y"": ""2023"", ""c"": ""protective""}, {""p"": ""38959606"", ""t"": ""The investigation of potential mechanism of Fuzhengkangfu Decoction against Diabetic myocardial injury based on a combined strategy of network pharmacology, transcriptomics, and experimental verification."", ""y"": ""2024"", ""c"": ""protective""}]",validate,NOX4-dependent H2O2 drives TGF-β1-induced myofibroblast differentiation — cited PMID 25040787 (Nox4 regulates the activated state of SSc dermal fibroblasts) directly supports.,25040787,,
ssc_M2_057,in_map,,M2,catalysis,ITGAV__pm,TGFB1__ext,"αv-containing integrins (ITGAV) bind and activate latent TGF-β, implicated in fibrosis",integrin-mediated latent TGF-β activation in SSc fibrosis,16436664,10.2353/ajpath.2006.041306,Increased expression of integrin alphavbeta5 induces the myofibroblastic differentiation of dermal fibroblasts,Am J Pathol 2006,ECO:0000033,review — traceable author statement,containing integrins can bind to and/or activate latent TGF,verbatim (discovery),,,,,1,,KEEP — review-grade,review — traceable author statement,AI — literature-mined (discovery),confirmed,,"[{""p"": ""37904253"", ""t"": ""Preadipocytes in human granulation tissue: role in wound healing and response to macrophage polarization."", ""y"": ""2023""}, {""p"": ""22279205"", ""t"": ""Defective retinal vascular endothelial cell development as a consequence of impaired integrin αVβ8-mediated activation of transforming growth factor-β."", ""y"": ""2012""}]","[{""p"": ""21984919"", ""t"": ""Diabetic impairment of C-kit bone marrow stem cells involves the disorders of inflammatory factors, cell adhesion and extracellular matrix molecules."", ""y"": ""2011"", ""c"": ""did not""}]",validate,αv-containing integrins (ITGAV) bind/activate latent TGF-β — cited PMID 16436664 (αv integrins activate latent TGF-β in fibrosis) supports; canonical integrin-mediated TGF-β activation.,16436664,,
ssc_M3_027,in_map,,M3,transcription,TGFB1__ext,EDN1__ext,TGF-β (among other stimuli) up-regulates endothelin-1 (EDN1) expression,TGF-β->ET-1 link bridging fibrosis and vasculopathy in SSc,19335743,10.1111/j.1365-2362.2009.02117.x,Endothelin receptor selectivity: evidence from in vitro and pre-clinical models of scleroderma,Eur J Clin Invest 2009,ECO:0000033,review — traceable author statement,ET-1 expression is stimulated by hypoxia,verbatim (discovery),,,,,1,,KEEP — review-grade,review — traceable author statement,AI — literature-mined (discovery),confirmed,,"[{""p"": ""36499658"", ""t"": ""Key Genetic Components of Fibrosis in Diabetic Nephropathy: An Updated Systematic Review and Meta-Analysis."", ""y"": ""2022""}, {""p"": ""12021584"", ""t"": ""Endothelin A receptor blockade decreases expression of growth factors and collagen and improves matrix metalloproteinase-2 activity in kidneys from stroke-prone spontaneously hypertensive rats."", ""y"": ""2002""}, {""p"": ""28060893"", ""t"": ""Positioning of Tacrolimus for the Treatment of Diabetic Nephropathy Based on Computational Network Analysis."", ""y"": ""2017""}, {""p"": ""36138766"", ""t"": ""Prediction of Regulatory SNPs in Putative Minor Genes of the Neuro-Cardiovascular Variant in Fabry Reveals Insights into Autophagy/Apoptosis and Fibrosis."", ""y"": ""2022""}]",[],validate,TGF-β1 upregulates EDN1 — cited PMID 19335743 (SSc TGF-β/ET-1 review) supports; 12021584 (ETA blockade lowers collagen) corroborates the ET-1/fibrosis link.,19335743,,
ssc_M4_020,in_map,,M4,activation,CD19__pm,phenotype_autoAb_production__ext,"CD19 on plasma cells drives autoantibody production, skin thickening and collagen (its inhibition reduces all three)",CD19/plasma-cell axis (CAR-T/anti-CD19 rationale) in SSc,29956883,10.1002/art.40656,Baseline Plasma Cell Gene Signature Predicts Improvement in Systemic Sclerosis Skin Scores Following Treatment With Inebilizumab (MEDI-551) and Correlates With Disease Activity in Systemic Lupus Erythematosus and Chronic Obstructive Pulmonary Disease,Arthritis Rheumatol 2018,ECO:0000315,experimental — mutant/loss-of-function,"CD19 inhibition in mice reduced skin thickness, collagen production, and autoantibody levels",verbatim (discovery),,,,,1,,KEEP — strong (experimental),experimental — mutant/loss-of-function,AI — literature-mined (discovery),confirmed,,"[{""p"": ""39013470"", ""t"": ""Allogeneic CD19-targeted CAR-T therapy in patients with severe myositis and systemic sclerosis."", ""y"": ""2024""}, {""p"": ""38381673"", ""t"": ""CD19 CAR T-Cell Therapy in Autoimmune Disease - A Case Series with Follow-up."", ""y"": ""2024""}, {""p"": ""40562027"", ""t"": ""An iPSC-derived CD19/BCMA CAR-NK therapy in a patient with systemic sclerosis."", ""y"": ""2025""}, {""p"": ""39107407"", ""t"": ""Advancements and challenges in CAR T cell therapy in autoimmune diseases."", ""y"": ""2024""}, {""p"": ""41258618"", ""t"": ""CAR T Cell Therapy for Rheumatoid Arthritis."", ""y"": ""2025""}, {""p"": ""40592721"", ""t"": ""New horizons in systemic sclerosis treatment: advances and emerging therapies in 2025."", ""y"": ""2025""}]","[{""p"": ""39742256"", ""t"": ""CD19 CAR-T cell therapy: a new dawn for autoimmune rheumatic diseases?"", ""y"": ""2024"", ""c"": ""do not""}, {""p"": ""39542003"", ""t"": ""CD19-targeting CAR T-cell therapy in patients with diffuse systemic sclerosis: a case series."", ""y"": ""2025"", ""c"": ""antifibrotic""}, {""p"": ""29695500"", ""t"": ""Comparison of individually tailored versus fixed-schedule rituximab regimen to maintain ANCA-associated vasculitis remission: results of a multicentre, randomised controlled, phase III trial (MAINRITSAN2)."", ""y"": ""2018"", ""c"": ""did not""}]",validate,"CD19+ plasma-cell axis drives autoantibodies/skin thickening/collagen — cited PMID 29956883 (CD19 inhibition reduces all three in SSc) directly supports; strongly reinforced by CD19 CAR-T case series (38381673, 39542003).",29956883;38381673,,
ssc_M2_058,in_map,,M2,inhibition,SIRT1__nuc,MMP1__ext,SIRT1 negatively regulates MMP levels in dermal fibroblasts,SIRT1 deacetylase as an anti-fibrotic regulator of ECM turnover in SSc,29579252,10.1093/rheumatology/key071,Epigenetic modulation as a therapy in systemic sclerosis,Rheumatology (Oxford) 2019,ECO:0000314,experimental — direct assay,Sirt1 has also been found to negatively regulate MMP levels in dermal fibroblasts,verbatim (discovery),,,,,1,,KEEP — strong (experimental),experimental — direct assay,AI — literature-mined (discovery),confirmed,,"[{""p"": ""32790210"", ""t"": ""UVA influenced the SIRT1-miR-27a-5p-SMAD2-MMP1/COL1/BCL2 axis in human skin primary fibroblasts."", ""y"": ""2020""}, {""p"": ""28849139"", ""t"": ""A study of Sirt1 regulation and the effect of resveratrol on synoviocyte invasion and associated joint destruction in rheumatoid arthritis."", ""y"": ""2017""}, {""p"": ""34988225"", ""t"": ""Target Deconvolution of Fenofibrate in Nonalcoholic Fatty Liver Disease Using Bioinformatics Analysis."", ""y"": ""2021""}, {""p"": ""31269075"", ""t"": ""The effect of aging in primary human dermal fibroblasts."", ""y"": ""2019""}]","[{""p"": ""26126510"", ""t"": ""Protective effect of pyrroloquinoline quinine on ultraviolet A irradiation-induced human dermal fibroblast senescence in vitro proceeds via the anti-apoptotic sirtuin 1/nuclear factor-derived erythroid 2-related factor 2/heme oxygenase 1 pathway."", ""y"": ""2015"", ""c"": ""protective""}]",validate,MMP1/SIRT1 axis in SSc — cited PMID 29579252 (SSc) on-topic.,29579252,,
ssc_M4_021,in_map,,M4,contributes,IL17A__ext,fibroblast_proFibrotic__cell,IL-17A promotes skin fibrosis (its loss attenuates bleomycin-induced fibrosis),IL-17A as a profibrotic cytokine in SSc skin (directional model evidence),22833167,10.1002/art.34643,Potential roles of interleukin-17A in the development of skin fibrosis in mice,Arthritis Rheum 2012,ECO:0000315,experimental — mutant/loss-of-function,loss of IL-17A significantly attenu- ated bleomycin-induced skin fibrosis,verbatim (discovery),,,,,1,,KEEP — strong (experimental),experimental — mutant/loss-of-function,AI — literature-mined (discovery),confirmed,,"[{""p"": ""39662091"", ""t"": ""Skin immune-mesenchymal interplay within tertiary lymphoid structures promotes autoimmune pathogenesis in hidradenitis suppurativa."", ""y"": ""2024""}, {""p"": ""37781522"", ""t"": ""Hypoxia-induced exosomes facilitate lung pre-metastatic niche formation in hepatocellular carcinoma through the miR-4508-RFX1-IL17A-p38 MAPK-NF-κB pathway."", ""y"": ""2023""}]",[],caution,"IL-17A as pro-fibrotic rests on a loss-of-function study (cited PMID 22833167: IL-17A deficiency attenuates bleomycin fibrosis), BUT IL-17A's role is genuinely Yin/Yang — direct studies found IL-17A did NOT induce αSMA in fibroblasts (the map's own ex_il17_neg). Context-dependent; surface as contested.",22833167,,
cand_sig_cav1_angio,discarded,discarded: the available quote stated TGF-β's role in angiogenesis is *uncertain* — it did not support the CAV1→angiogenesis claim.,,contributes,CAV1__pm,phenotype_vascular_remodelling__cell,Caveolin-1 (CAV1) loss in SSc fibroblasts contributes to defective angiogenesis,,29259049,10.1136/annrheumdis-2017-212120,Scleroderma fibroblasts suppress angiogenesis via TGF-β/caveolin-1 dependent secretion of pigment epithelium-derived factor,Ann Rheum Dis 2018,,,"Transforming growth factor beta (TGF-β) plays a major role in tissue fibrosis, including downregulation of caveolin-1 (Cav-1); however, its role in defective angiogenesis is less clear.",verbatim (excluded),,,,,0,,EXCLUDE,discarded: the available quote stated TGF-β's role in angiogenesis is *uncertain* — it did not support the CAV1→angiogenesis claim.,AI — considered & discarded,excluded,,[],[],,,,,
cand_stat6_col,discarded,discarded: duplicate of the existing IL-13→COL1A1/STAT6 crosstalk (ssc_crosstalk_005).,,transcription,STAT6_p_dimer__nuc,COL1A1__ext,IL-4/IL-13-driven STAT6 signalling stimulates collagen production in fibroblasts,,16380822,10.1007/s10875-005-7827-3,Molecular aspects of regulation of collagen gene expression in fibrosis,J Clin Immunol 2005,,,,to_complete,,,,,0,,EXCLUDE,discarded: duplicate of the existing IL-13→COL1A1/STAT6 crosstalk (ssc_crosstalk_005).,AI — considered & discarded,excluded,,[],[],,,,,
ex_mfge8,discarded,SSc-relevant but evidence is liver/lung/respiratory — not demonstrated in SSc skin; reviewer may re-include,,inhibition,MFGE8,fibrosis (general organs),,,30175895,10.1002/art.40701,Suppressive Regulation by MFG-E8 of Latent Transforming Growth Factor β-Induced Fibrosis via Binding to αv Integrin: Significance in the Pathogenesis of Fibrosis in Systemic Sclerosis,Arthritis Rheumatol 2019,,,"MFG-E8 negatively regulate fibrosis in the liver, lungs and respiratory tract.",verbatim (excluded),,,,,0,,EXCLUDE,SSc-relevant but evidence is liver/lung/respiratory — not demonstrated in SSc skin; reviewer may re-include,AI — considered & discarded,excluded,,[],[],,,,,
ex_nox1,discarded,NOX1/hypoxia axis; the NOX4 isoform was added instead (clearer SSc myofibroblast evidence),,activation,NOX1,HIF1A/fibrosis,,,18548250,10.1007/s00281-008-0125-4,Oxidative stress and the pathogenesis of scleroderma: the Murrell's hypothesis revisited,Semin Immunopathol 2008,,,"Hypoxia regulates NOX1 and subsequently activates the HIF-1-dependent pathways to fibrosis [51, 52].",verbatim (excluded),,,,,0,,EXCLUDE,NOX1/hypoxia axis; the NOX4 isoform was added instead (clearer SSc myofibroblast evidence),AI — considered & discarded,excluded,,[],[],,,,,
ex_mx1,discarded,"marker/expression (MX1 ISG protein increased in SSc vasculature), not a clean causal molecular edge",,transcription,ISG_signature,MX1 (vascular),,,37488975,10.1002/art.42662,Endothelial Response to Type I Interferon Contributes to Vasculopathy and Fibrosis and Predicts Disease Progression of Systemic Sclerosis,Arthritis Rheumatol 2024,,,"Vascular myxovirus resistance (MX) 1, an IFN-1 response protein, was signiﬁcantly increased both in total SSc versus HC skin and in dcSSc versus lcSSc skin.",verbatim (excluded),,,,,0,,EXCLUDE,"marker/expression (MX1 ISG protein increased in SSc vasculature), not a clean causal molecular edge",AI — considered & discarded,excluded,,[],[],,,,,
ex_il17_neg,discarded,NEGATIVE result (IL-17A did not induce α-SMA); profibrotic IL-17A was added from a loss-of-function study instead — shown for transparency on the IL-17 Yin/Yang ambiguity,,contributes,IL17A,alpha-SMA (no effect),,,23335253,10.1002/art.37860,Interleukin-17A+ cell counts are increased in systemic sclerosis skin and their number is inversely correlated with the extent of skin involvement,Arthritis Rheum 2013,,,IL-17A did not induce -SMA expres- sion in cultured fibroblasts.,verbatim (excluded),,,,,0,,EXCLUDE,NEGATIVE result (IL-17A did not induce α-SMA); profibrotic IL-17A was added from a loss-of-function study instead — shown for transparency on the IL-17 Yin/Yang ambiguity,AI — considered & discarded,excluded,,[],[],,,,,
ex_smad3_pink1,discarded,"off-target: non-SSc context (mitophagy), not disease-specific",,transcription,SMAD3,PINK1,,,40064862,10.1038/s41421-025-00774-4,A positive feedback loop between SMAD3 and PINK1 in regulation of mitophagy,Cell Discov 2025,,,"SMAD3 positively transactivates PINK1 transcription independent of the canonical TGFβ signaling components, such as TGFβ-R1, SMAD2 or SMAD4.",verbatim (excluded),,,,,0,,EXCLUDE,"off-target: non-SSc context (mitophagy), not disease-specific",AI — considered & discarded,excluded,,[],[],,,,,
ex_lox_il6,discarded,"off-target: pulmonary fibrosis model, not SSc",,activation,LOX,IL6,,,38283827,10.1016/j.jbo.2024.100522,"LOX, but not LOXL2, promotes bone metastasis formation and bone destruction in triple-negative breast cancer",J Bone Oncol 2024,,,LOX also stimulates IL-6 expression by,verbatim (excluded),,,,,0,,EXCLUDE,"off-target: pulmonary fibrosis model, not SSc",AI — considered & discarded,excluded,,[],[],,,,,
ex_smad3_angii,discarded,"generic stress-activated SMAD3 (Ang II, AGEs, CRP), not SSc-specific",,activation,SMAD3,(Ang II/AGEs/CRP activation),,,35541902,10.7150/ijbs.71595,Smad3 Signatures in Renal Inflammation and Fibrosis,Int J Biol Sci 2022,,,Smad3 can be activated not only by TGF-β1 but also by many stress molecules,verbatim (excluded),,,,,0,,EXCLUDE,"generic stress-activated SMAD3 (Ang II, AGEs, CRP), not SSc-specific",AI — considered & discarded,excluded,,[],[],,,,,
ex_loxl2,discarded,off-target: liver/lung; the simtuzumab trial was negative; not SSc,,catalysis,LOXL2,liver/lung fibrosis,,,32176358,10.1002/hep.31236,Lysyl Oxidase (LOX) Family Members: Rationale and Their Potential as Therapeutic Targets for Liver Fibrosis,Hepatology 2020,,,monoclonal antibody against LOXL2 (simtuzumab) in patients with pulmo- nary and liver fibrosis dampened enthusiasm for LOX family member inhibition.,verbatim (excluded),,,,,0,,EXCLUDE,off-target: liver/lung; the simtuzumab trial was negative; not SSc,AI — considered & discarded,excluded,,[],[],,,,,
